review_id,review_attribute_classification_name,review_attribute_classification_value
f9cbb145-d2c0-46dd-9aed-4404e77729f2,service,low
f9cbb145-d2c0-46dd-9aed-4404e77729f2,ambience,medium
f9cbb145-d2c0-46dd-9aed-4404e77729f2,comfort,high
f9cbb145-d2c0-46dd-9aed-4404e77729f2,cleanliness,low
a7543e19-5480-4de8-9e8c-e1b5c6ba06da,ambience,low
a7543e19-5480-4de8-9e8c-e1b5c6ba06da,comfort,medium
a7543e19-5480-4de8-9e8c-e1b5c6ba06da,service,medium
a7543e19-5480-4de8-9e8c-e1b5c6ba06da,cleanliness,medium
a7543e19-5480-4de8-9e8c-e1b5c6ba06da,wifi_speed,high
00f5075e-aa4a-4501-9503-8320fef1c369,cleanliness,low
00f5075e-aa4a-4501-9503-8320fef1c369,service,medium
00f5075e-aa4a-4501-9503-8320fef1c369,ambience,high
00f5075e-aa4a-4501-9503-8320fef1c369,wifi_speed,medium
00f5075e-aa4a-4501-9503-8320fef1c369,comfort,high
46ca6425-7980-48d1-b465-391a31aaa0fd,ambience,low
46ca6425-7980-48d1-b465-391a31aaa0fd,wifi_speed,medium
46ca6425-7980-48d1-b465-391a31aaa0fd,cleanliness,low
937b6b16-d1fa-4bbe-982b-bc2c610656aa,wifi_speed,medium
937b6b16-d1fa-4bbe-982b-bc2c610656aa,cleanliness,high
937b6b16-d1fa-4bbe-982b-bc2c610656aa,ambience,low
937b6b16-d1fa-4bbe-982b-bc2c610656aa,service,high
12596e4a-5f2b-44ee-a291-6df78ecf590f,wifi_speed,medium
12596e4a-5f2b-44ee-a291-6df78ecf590f,service,low
7476d7bc-48a4-4963-87fe-a6c9f5341f93,service,low
7476d7bc-48a4-4963-87fe-a6c9f5341f93,wifi_speed,medium
7476d7bc-48a4-4963-87fe-a6c9f5341f93,comfort,low
7476d7bc-48a4-4963-87fe-a6c9f5341f93,cleanliness,high
18f6e330-db6f-4640-af3a-4f23257630d8,ambience,high
18f6e330-db6f-4640-af3a-4f23257630d8,comfort,medium
6cd3e13d-1ba4-4823-b271-65e251cbc0ec,cleanliness,high
6cd3e13d-1ba4-4823-b271-65e251cbc0ec,ambience,medium
6cd3e13d-1ba4-4823-b271-65e251cbc0ec,service,high
92ddba5c-101a-49e4-bb3e-97ec30d1ef3b,cleanliness,high
92ddba5c-101a-49e4-bb3e-97ec30d1ef3b,service,low
92ddba5c-101a-49e4-bb3e-97ec30d1ef3b,comfort,medium
20eb7257-996e-449d-a3de-7672c0e33bbf,ambience,high
20eb7257-996e-449d-a3de-7672c0e33bbf,wifi_speed,high
e51c6e4c-2b6d-48f5-89a0-ea209dca6048,ambience,high
e51c6e4c-2b6d-48f5-89a0-ea209dca6048,service,low
e51c6e4c-2b6d-48f5-89a0-ea209dca6048,comfort,high
e51c6e4c-2b6d-48f5-89a0-ea209dca6048,wifi_speed,medium
086453a9-daf9-4e91-9021-4c64e5c84c14,comfort,medium
086453a9-daf9-4e91-9021-4c64e5c84c14,cleanliness,medium
086453a9-daf9-4e91-9021-4c64e5c84c14,ambience,low
086453a9-daf9-4e91-9021-4c64e5c84c14,wifi_speed,high
086453a9-daf9-4e91-9021-4c64e5c84c14,service,medium
55bb9993-087a-403c-b6be-0042c002e00a,cleanliness,high
55bb9993-087a-403c-b6be-0042c002e00a,service,low
55bb9993-087a-403c-b6be-0042c002e00a,wifi_speed,low
65d25354-0978-4e6f-99fa-382265b99f84,ambience,low
65d25354-0978-4e6f-99fa-382265b99f84,cleanliness,high
76d74218-a26a-49c1-86f5-fdaea3c2f073,wifi_speed,high
76d74218-a26a-49c1-86f5-fdaea3c2f073,ambience,low
76d74218-a26a-49c1-86f5-fdaea3c2f073,service,low
76d74218-a26a-49c1-86f5-fdaea3c2f073,cleanliness,high
9d88bfb2-421b-4db7-b9fd-8fccaa7cd361,service,high
9d88bfb2-421b-4db7-b9fd-8fccaa7cd361,wifi_speed,high
cca076a5-c290-4617-9545-75307d2e3b86,ambience,high
cca076a5-c290-4617-9545-75307d2e3b86,service,medium
cca076a5-c290-4617-9545-75307d2e3b86,cleanliness,low
3da5c0fe-5c36-44f3-b045-add498cd0e28,cleanliness,medium
3da5c0fe-5c36-44f3-b045-add498cd0e28,comfort,low
3da5c0fe-5c36-44f3-b045-add498cd0e28,wifi_speed,low
3da5c0fe-5c36-44f3-b045-add498cd0e28,ambience,medium
3da5c0fe-5c36-44f3-b045-add498cd0e28,service,high
078e836d-c840-4ee8-b066-12ade0f31d63,ambience,high
078e836d-c840-4ee8-b066-12ade0f31d63,service,high
078e836d-c840-4ee8-b066-12ade0f31d63,cleanliness,low
2dc84aab-4bb9-4374-aa51-6bb5aa9ac94f,ambience,medium
2dc84aab-4bb9-4374-aa51-6bb5aa9ac94f,service,medium
2dc84aab-4bb9-4374-aa51-6bb5aa9ac94f,comfort,high
2dc84aab-4bb9-4374-aa51-6bb5aa9ac94f,wifi_speed,low
8e54776e-a468-48b8-9b94-f1fcb6733b7d,cleanliness,low
8e54776e-a468-48b8-9b94-f1fcb6733b7d,comfort,medium
dd3d1cb9-35de-4e7f-8c68-4072c55e3b89,service,medium
dd3d1cb9-35de-4e7f-8c68-4072c55e3b89,ambience,low
dd3d1cb9-35de-4e7f-8c68-4072c55e3b89,cleanliness,medium
dd3d1cb9-35de-4e7f-8c68-4072c55e3b89,comfort,medium
8ef4f6a4-a22a-4097-9119-5e0d6f7822ad,wifi_speed,low
8ef4f6a4-a22a-4097-9119-5e0d6f7822ad,cleanliness,low
8ef4f6a4-a22a-4097-9119-5e0d6f7822ad,comfort,medium
8ef4f6a4-a22a-4097-9119-5e0d6f7822ad,service,low
8ef4f6a4-a22a-4097-9119-5e0d6f7822ad,ambience,high
9fa6c312-0de0-494c-b85f-1743f1e55e9e,cleanliness,high
9fa6c312-0de0-494c-b85f-1743f1e55e9e,wifi_speed,medium
9fa6c312-0de0-494c-b85f-1743f1e55e9e,service,medium
e71feab6-2d9d-44ae-92f3-0ec78df14be3,ambience,high
e71feab6-2d9d-44ae-92f3-0ec78df14be3,wifi_speed,medium
e71feab6-2d9d-44ae-92f3-0ec78df14be3,cleanliness,low
e71feab6-2d9d-44ae-92f3-0ec78df14be3,service,low
7437f780-1118-4ace-abef-08f006b270bb,cleanliness,high
7437f780-1118-4ace-abef-08f006b270bb,ambience,high
7437f780-1118-4ace-abef-08f006b270bb,wifi_speed,medium
7437f780-1118-4ace-abef-08f006b270bb,service,medium
7437f780-1118-4ace-abef-08f006b270bb,comfort,high
6e661893-37ce-4674-a48b-78f427e03749,comfort,medium
6e661893-37ce-4674-a48b-78f427e03749,service,high
4480681f-4ef9-4e44-93e5-bb9ee82dd99d,comfort,low
4480681f-4ef9-4e44-93e5-bb9ee82dd99d,wifi_speed,medium
f775a04b-08a8-4315-8c04-c22658c79e46,ambience,low
f775a04b-08a8-4315-8c04-c22658c79e46,wifi_speed,low
f775a04b-08a8-4315-8c04-c22658c79e46,service,high
f775a04b-08a8-4315-8c04-c22658c79e46,comfort,high
f775a04b-08a8-4315-8c04-c22658c79e46,cleanliness,high
81f154df-e559-423a-9d68-900c182601b2,comfort,medium
81f154df-e559-423a-9d68-900c182601b2,ambience,medium
81f154df-e559-423a-9d68-900c182601b2,cleanliness,medium
7f22c9eb-c209-4438-9b5a-87407ed4d219,cleanliness,high
7f22c9eb-c209-4438-9b5a-87407ed4d219,comfort,medium
7f22c9eb-c209-4438-9b5a-87407ed4d219,service,low
7f22c9eb-c209-4438-9b5a-87407ed4d219,ambience,medium
7f22c9eb-c209-4438-9b5a-87407ed4d219,wifi_speed,medium
bb34f4de-8583-4352-bc45-abe07a4e72d2,comfort,high
bb34f4de-8583-4352-bc45-abe07a4e72d2,service,medium
bb34f4de-8583-4352-bc45-abe07a4e72d2,wifi_speed,high
bb34f4de-8583-4352-bc45-abe07a4e72d2,ambience,high
a5904aa5-c33a-478d-9ec0-816491f9e309,comfort,low
a5904aa5-c33a-478d-9ec0-816491f9e309,ambience,medium
0da804fe-bdb8-4a1e-b19f-77f48e18e84e,service,high
0da804fe-bdb8-4a1e-b19f-77f48e18e84e,cleanliness,low
0da804fe-bdb8-4a1e-b19f-77f48e18e84e,ambience,high
4e9df245-08ed-4e13-b46b-e294555ff151,service,medium
4e9df245-08ed-4e13-b46b-e294555ff151,ambience,medium
4e9df245-08ed-4e13-b46b-e294555ff151,comfort,medium
4e9df245-08ed-4e13-b46b-e294555ff151,wifi_speed,high
c165192f-56cd-46a8-b89c-0f6cd6a8cb37,ambience,low
c165192f-56cd-46a8-b89c-0f6cd6a8cb37,cleanliness,low
c165192f-56cd-46a8-b89c-0f6cd6a8cb37,wifi_speed,medium
c165192f-56cd-46a8-b89c-0f6cd6a8cb37,service,high
c165192f-56cd-46a8-b89c-0f6cd6a8cb37,comfort,medium
6bc87355-d113-4df6-bd78-f9bee68664ae,cleanliness,low
6bc87355-d113-4df6-bd78-f9bee68664ae,ambience,medium
6bc87355-d113-4df6-bd78-f9bee68664ae,comfort,high
6bc87355-d113-4df6-bd78-f9bee68664ae,wifi_speed,medium
6bc87355-d113-4df6-bd78-f9bee68664ae,service,medium
1ce08aac-0225-47f6-9b8b-ac074395c80a,comfort,high
1ce08aac-0225-47f6-9b8b-ac074395c80a,wifi_speed,high
1ce08aac-0225-47f6-9b8b-ac074395c80a,ambience,high
c6830358-deae-49ad-ad9c-1fcec74bb7a6,ambience,medium
c6830358-deae-49ad-ad9c-1fcec74bb7a6,cleanliness,low
c6830358-deae-49ad-ad9c-1fcec74bb7a6,wifi_speed,high
c6830358-deae-49ad-ad9c-1fcec74bb7a6,service,low
c6830358-deae-49ad-ad9c-1fcec74bb7a6,comfort,low
ddd0113d-8736-4a6c-8878-591604c8d93d,ambience,low
ddd0113d-8736-4a6c-8878-591604c8d93d,service,low
ddd0113d-8736-4a6c-8878-591604c8d93d,wifi_speed,medium
fa59dc7a-3ee9-4486-accb-8d800e8da673,wifi_speed,high
fa59dc7a-3ee9-4486-accb-8d800e8da673,service,high
fa59dc7a-3ee9-4486-accb-8d800e8da673,cleanliness,high
fa59dc7a-3ee9-4486-accb-8d800e8da673,ambience,medium
0663d582-83bc-4830-ad9a-ac9e49ef1354,service,high
0663d582-83bc-4830-ad9a-ac9e49ef1354,cleanliness,medium
0663d582-83bc-4830-ad9a-ac9e49ef1354,wifi_speed,low
0663d582-83bc-4830-ad9a-ac9e49ef1354,ambience,low
70b8da5a-f6fa-4ede-9031-027b90caba6c,ambience,low
70b8da5a-f6fa-4ede-9031-027b90caba6c,cleanliness,high
0ad2ac8e-7d06-4088-899b-106643f23cef,ambience,low
0ad2ac8e-7d06-4088-899b-106643f23cef,service,low
0ad2ac8e-7d06-4088-899b-106643f23cef,comfort,medium
0ad2ac8e-7d06-4088-899b-106643f23cef,wifi_speed,medium
0ad2ac8e-7d06-4088-899b-106643f23cef,cleanliness,high
05fa683f-a93a-4880-9ef7-37d3cb570e22,ambience,high
05fa683f-a93a-4880-9ef7-37d3cb570e22,wifi_speed,high
05fa683f-a93a-4880-9ef7-37d3cb570e22,comfort,high
05fa683f-a93a-4880-9ef7-37d3cb570e22,service,medium
05fa683f-a93a-4880-9ef7-37d3cb570e22,cleanliness,low
70ca11b2-bb36-4cd0-9e6b-af49571e90d2,ambience,high
70ca11b2-bb36-4cd0-9e6b-af49571e90d2,wifi_speed,high
70ca11b2-bb36-4cd0-9e6b-af49571e90d2,comfort,low
6702b408-88df-4538-a266-f7a4982439da,cleanliness,high
6702b408-88df-4538-a266-f7a4982439da,service,medium
6702b408-88df-4538-a266-f7a4982439da,comfort,low
6702b408-88df-4538-a266-f7a4982439da,ambience,low
cea2e5a1-219a-4353-8a49-2adcb1ffdfb7,wifi_speed,high
cea2e5a1-219a-4353-8a49-2adcb1ffdfb7,ambience,high
cea2e5a1-219a-4353-8a49-2adcb1ffdfb7,cleanliness,medium
ba952d1c-679a-4a14-bf9d-d8e19e752ed7,service,medium
ba952d1c-679a-4a14-bf9d-d8e19e752ed7,comfort,medium
2962d09d-bec0-49e2-bed9-3ecdbf26a5fe,ambience,low
2962d09d-bec0-49e2-bed9-3ecdbf26a5fe,wifi_speed,low
2962d09d-bec0-49e2-bed9-3ecdbf26a5fe,comfort,high
f8b5a553-e9e1-4b57-b0fb-d43a58ceeb16,cleanliness,medium
f8b5a553-e9e1-4b57-b0fb-d43a58ceeb16,wifi_speed,low
f8b5a553-e9e1-4b57-b0fb-d43a58ceeb16,comfort,high
f8b5a553-e9e1-4b57-b0fb-d43a58ceeb16,service,high
a41b6d71-df55-4976-be98-0194a9b29c54,ambience,medium
a41b6d71-df55-4976-be98-0194a9b29c54,wifi_speed,low
a41b6d71-df55-4976-be98-0194a9b29c54,comfort,high
a41b6d71-df55-4976-be98-0194a9b29c54,cleanliness,medium
a41b6d71-df55-4976-be98-0194a9b29c54,service,medium
15ba25c7-e073-4a19-8b71-a7b0d9f43baa,service,medium
15ba25c7-e073-4a19-8b71-a7b0d9f43baa,ambience,low
15ba25c7-e073-4a19-8b71-a7b0d9f43baa,comfort,high
5d7e13c3-fcb6-4807-a103-17e4e21ebf8a,cleanliness,medium
5d7e13c3-fcb6-4807-a103-17e4e21ebf8a,service,high
5d7e13c3-fcb6-4807-a103-17e4e21ebf8a,wifi_speed,high
5d7e13c3-fcb6-4807-a103-17e4e21ebf8a,ambience,low
5d7e13c3-fcb6-4807-a103-17e4e21ebf8a,comfort,low
d00ccf74-000b-4cdd-931e-134a222fe42a,ambience,high
d00ccf74-000b-4cdd-931e-134a222fe42a,comfort,medium
90420c03-e216-4981-be76-130720c26d41,comfort,high
90420c03-e216-4981-be76-130720c26d41,ambience,medium
de30323c-b452-4729-a6b9-ec1b5dfe2148,cleanliness,high
de30323c-b452-4729-a6b9-ec1b5dfe2148,service,low
de30323c-b452-4729-a6b9-ec1b5dfe2148,comfort,high
06f54c50-c3e0-46c3-b670-73ad83b9e45f,ambience,high
06f54c50-c3e0-46c3-b670-73ad83b9e45f,service,medium
06f54c50-c3e0-46c3-b670-73ad83b9e45f,wifi_speed,medium
06f54c50-c3e0-46c3-b670-73ad83b9e45f,cleanliness,medium
06f54c50-c3e0-46c3-b670-73ad83b9e45f,comfort,low
95ee3035-db3d-4fff-8ffd-1ce47b9e12bf,comfort,low
95ee3035-db3d-4fff-8ffd-1ce47b9e12bf,cleanliness,low
647572a1-c278-4cfd-85f0-ca55dbc52004,cleanliness,medium
647572a1-c278-4cfd-85f0-ca55dbc52004,comfort,high
1aa5530e-595f-4c49-b048-760d08187f5a,wifi_speed,high
1aa5530e-595f-4c49-b048-760d08187f5a,service,high
1aa5530e-595f-4c49-b048-760d08187f5a,ambience,high
1aa5530e-595f-4c49-b048-760d08187f5a,cleanliness,low
1aa5530e-595f-4c49-b048-760d08187f5a,comfort,medium
7da6fb4a-d4cb-4213-8f38-797304bb7b0d,ambience,low
7da6fb4a-d4cb-4213-8f38-797304bb7b0d,wifi_speed,medium
fe0d2c1b-578f-4862-af2f-1471d6320937,wifi_speed,medium
fe0d2c1b-578f-4862-af2f-1471d6320937,service,high
fe0d2c1b-578f-4862-af2f-1471d6320937,cleanliness,high
fe0d2c1b-578f-4862-af2f-1471d6320937,ambience,low
6f8a6e98-647f-4c8a-bf75-d26feb1e1da2,ambience,high
6f8a6e98-647f-4c8a-bf75-d26feb1e1da2,cleanliness,low
6f8a6e98-647f-4c8a-bf75-d26feb1e1da2,comfort,high
6f8a6e98-647f-4c8a-bf75-d26feb1e1da2,service,high
e55702eb-27cb-4689-a47f-43908ca02bf8,comfort,low
e55702eb-27cb-4689-a47f-43908ca02bf8,ambience,low
e55702eb-27cb-4689-a47f-43908ca02bf8,service,high
e55702eb-27cb-4689-a47f-43908ca02bf8,wifi_speed,medium
e55702eb-27cb-4689-a47f-43908ca02bf8,cleanliness,high
5e92b0a7-6383-4405-bcd5-915f19a02159,comfort,low
5e92b0a7-6383-4405-bcd5-915f19a02159,ambience,low
5e92b0a7-6383-4405-bcd5-915f19a02159,wifi_speed,high
0768e6e1-0d2a-4768-a531-5aaaeed87bab,cleanliness,high
0768e6e1-0d2a-4768-a531-5aaaeed87bab,service,high
0768e6e1-0d2a-4768-a531-5aaaeed87bab,comfort,medium
0768e6e1-0d2a-4768-a531-5aaaeed87bab,ambience,medium
0768e6e1-0d2a-4768-a531-5aaaeed87bab,wifi_speed,medium
c8c3ba3f-2ecf-4611-a648-eb49e3d3f313,ambience,high
c8c3ba3f-2ecf-4611-a648-eb49e3d3f313,comfort,high
c8c3ba3f-2ecf-4611-a648-eb49e3d3f313,service,high
c8c3ba3f-2ecf-4611-a648-eb49e3d3f313,wifi_speed,low
c61a4d51-346e-4b90-aea4-012df489056d,ambience,medium
c61a4d51-346e-4b90-aea4-012df489056d,cleanliness,medium
c61a4d51-346e-4b90-aea4-012df489056d,service,medium
c61a4d51-346e-4b90-aea4-012df489056d,wifi_speed,high
fd3a9610-ed14-4bf5-b1c4-cee027ebb23c,wifi_speed,low
fd3a9610-ed14-4bf5-b1c4-cee027ebb23c,comfort,high
fd3a9610-ed14-4bf5-b1c4-cee027ebb23c,ambience,medium
fd3a9610-ed14-4bf5-b1c4-cee027ebb23c,service,low
82099af4-1041-450e-9a83-1c3d24cfeeec,service,low
82099af4-1041-450e-9a83-1c3d24cfeeec,comfort,high
82099af4-1041-450e-9a83-1c3d24cfeeec,ambience,high
82099af4-1041-450e-9a83-1c3d24cfeeec,cleanliness,low
40d5b29a-6e8f-4282-87e5-278f08d33206,service,low
40d5b29a-6e8f-4282-87e5-278f08d33206,wifi_speed,high
40d5b29a-6e8f-4282-87e5-278f08d33206,comfort,low
40d5b29a-6e8f-4282-87e5-278f08d33206,ambience,medium
af02bf92-1e27-40e7-9106-ee55436c1594,wifi_speed,medium
af02bf92-1e27-40e7-9106-ee55436c1594,cleanliness,high
af02bf92-1e27-40e7-9106-ee55436c1594,ambience,medium
af02bf92-1e27-40e7-9106-ee55436c1594,comfort,medium
6d08a580-651c-4df9-9470-5dfb936dd390,comfort,low
6d08a580-651c-4df9-9470-5dfb936dd390,cleanliness,medium
6d08a580-651c-4df9-9470-5dfb936dd390,service,high
6d08a580-651c-4df9-9470-5dfb936dd390,wifi_speed,high
04559fa6-0663-463f-96d4-41c7a5afe034,ambience,high
04559fa6-0663-463f-96d4-41c7a5afe034,cleanliness,low
04559fa6-0663-463f-96d4-41c7a5afe034,comfort,medium
ef4c03f1-ad36-4477-9fef-6787324b5208,wifi_speed,medium
ef4c03f1-ad36-4477-9fef-6787324b5208,service,high
ef4c03f1-ad36-4477-9fef-6787324b5208,cleanliness,high
ef4c03f1-ad36-4477-9fef-6787324b5208,comfort,low
ef4c03f1-ad36-4477-9fef-6787324b5208,ambience,medium
94f17ed0-e7f4-4c6f-8f15-217d8c395931,ambience,high
94f17ed0-e7f4-4c6f-8f15-217d8c395931,service,high
8e4179fb-65a6-4255-9c04-27de5a77ffeb,ambience,medium
8e4179fb-65a6-4255-9c04-27de5a77ffeb,comfort,low
8e4179fb-65a6-4255-9c04-27de5a77ffeb,cleanliness,high
8e4179fb-65a6-4255-9c04-27de5a77ffeb,wifi_speed,low
4b974f83-9cdf-4555-af34-da39aa87a0fd,comfort,low
4b974f83-9cdf-4555-af34-da39aa87a0fd,cleanliness,low
bb9ee4e6-0faf-4667-b017-f094254b0d9b,service,low
bb9ee4e6-0faf-4667-b017-f094254b0d9b,cleanliness,high
eb9ac6d3-09f7-486d-88cd-ce2312c625fd,service,high
eb9ac6d3-09f7-486d-88cd-ce2312c625fd,comfort,high
eb9ac6d3-09f7-486d-88cd-ce2312c625fd,ambience,medium
1ae72f07-5440-47d3-b1ed-bbae13e67498,wifi_speed,medium
1ae72f07-5440-47d3-b1ed-bbae13e67498,service,medium
1ae72f07-5440-47d3-b1ed-bbae13e67498,cleanliness,medium
88061f7c-78b2-42e2-af3c-4616384e8af7,wifi_speed,medium
88061f7c-78b2-42e2-af3c-4616384e8af7,cleanliness,low
88061f7c-78b2-42e2-af3c-4616384e8af7,comfort,low
0bd3c80a-d9af-4edc-b30e-a8f959aad6dc,wifi_speed,high
0bd3c80a-d9af-4edc-b30e-a8f959aad6dc,ambience,high
83d9bd56-fea5-452d-a30d-62cea83cc75e,comfort,low
83d9bd56-fea5-452d-a30d-62cea83cc75e,wifi_speed,high
83d9bd56-fea5-452d-a30d-62cea83cc75e,service,medium
c348fd11-0d25-4a9c-9062-c1d01a5958ef,cleanliness,high
c348fd11-0d25-4a9c-9062-c1d01a5958ef,ambience,high
c348fd11-0d25-4a9c-9062-c1d01a5958ef,wifi_speed,high
c348fd11-0d25-4a9c-9062-c1d01a5958ef,comfort,low
5c06da21-9f90-4ecb-9e7f-1a17d00b50f2,wifi_speed,medium
5c06da21-9f90-4ecb-9e7f-1a17d00b50f2,ambience,high
5c06da21-9f90-4ecb-9e7f-1a17d00b50f2,cleanliness,high
5c06da21-9f90-4ecb-9e7f-1a17d00b50f2,comfort,high
5c06da21-9f90-4ecb-9e7f-1a17d00b50f2,service,medium
e4a6cd70-27e4-43a8-b032-e7d1087417e9,service,medium
e4a6cd70-27e4-43a8-b032-e7d1087417e9,wifi_speed,low
cbd97e94-88b7-46ca-b9bb-4ab615a6b56e,ambience,low
cbd97e94-88b7-46ca-b9bb-4ab615a6b56e,wifi_speed,low
cbd97e94-88b7-46ca-b9bb-4ab615a6b56e,service,medium
bd7bfb5d-a92f-4fee-9195-45e1fb956174,ambience,high
bd7bfb5d-a92f-4fee-9195-45e1fb956174,comfort,high
bd7bfb5d-a92f-4fee-9195-45e1fb956174,cleanliness,medium
4b4f12c2-7e34-4397-8b23-0a589ccc8f1a,wifi_speed,low
4b4f12c2-7e34-4397-8b23-0a589ccc8f1a,cleanliness,high
4b4f12c2-7e34-4397-8b23-0a589ccc8f1a,comfort,high
dcf0928a-fac1-42b7-a038-6fff251631e6,comfort,medium
dcf0928a-fac1-42b7-a038-6fff251631e6,wifi_speed,low
dcf0928a-fac1-42b7-a038-6fff251631e6,cleanliness,low
eedb73f6-ae94-487d-8a07-a86d598ae7cb,cleanliness,medium
eedb73f6-ae94-487d-8a07-a86d598ae7cb,comfort,high
eedb73f6-ae94-487d-8a07-a86d598ae7cb,service,medium
148fabf9-854c-4880-8be4-a01dcb06bf47,wifi_speed,low
148fabf9-854c-4880-8be4-a01dcb06bf47,comfort,medium
148fabf9-854c-4880-8be4-a01dcb06bf47,service,medium
9db5e348-9860-489e-ae41-cba12a74551c,comfort,high
9db5e348-9860-489e-ae41-cba12a74551c,ambience,low
9db5e348-9860-489e-ae41-cba12a74551c,service,medium
9db5e348-9860-489e-ae41-cba12a74551c,cleanliness,high
9db5e348-9860-489e-ae41-cba12a74551c,wifi_speed,high
f806d30e-91a5-4d3a-9d97-e32ac28727f6,comfort,medium
f806d30e-91a5-4d3a-9d97-e32ac28727f6,ambience,medium
70343a51-be02-445d-9717-e4dd4b3f05fe,service,low
70343a51-be02-445d-9717-e4dd4b3f05fe,comfort,high
70343a51-be02-445d-9717-e4dd4b3f05fe,wifi_speed,low
622e0d11-54be-42b3-8200-106c28ab61b4,cleanliness,low
622e0d11-54be-42b3-8200-106c28ab61b4,comfort,high
622e0d11-54be-42b3-8200-106c28ab61b4,wifi_speed,medium
622e0d11-54be-42b3-8200-106c28ab61b4,service,low
622e0d11-54be-42b3-8200-106c28ab61b4,ambience,medium
ee994051-bbae-4f14-8f07-51a551ef2bdd,service,low
ee994051-bbae-4f14-8f07-51a551ef2bdd,ambience,high
9bb19ff3-4369-43fc-acdf-9f77d4522d66,service,medium
9bb19ff3-4369-43fc-acdf-9f77d4522d66,cleanliness,medium
9bb19ff3-4369-43fc-acdf-9f77d4522d66,ambience,medium
9bb19ff3-4369-43fc-acdf-9f77d4522d66,wifi_speed,low
9bb19ff3-4369-43fc-acdf-9f77d4522d66,comfort,high
22f44577-d10a-4dfb-a4b5-8182d885628b,comfort,low
22f44577-d10a-4dfb-a4b5-8182d885628b,service,medium
22f44577-d10a-4dfb-a4b5-8182d885628b,ambience,medium
e9e4cdf2-7e74-4ac2-b1cc-1dd6fdf8da7d,ambience,high
e9e4cdf2-7e74-4ac2-b1cc-1dd6fdf8da7d,cleanliness,low
f25cd0cb-bec6-4ad0-89d6-29d6bd202134,cleanliness,medium
f25cd0cb-bec6-4ad0-89d6-29d6bd202134,wifi_speed,medium
6c270ff4-5122-4e5b-b019-0aa5112d6c9c,ambience,low
6c270ff4-5122-4e5b-b019-0aa5112d6c9c,service,medium
6c270ff4-5122-4e5b-b019-0aa5112d6c9c,wifi_speed,low
6c270ff4-5122-4e5b-b019-0aa5112d6c9c,comfort,high
6c270ff4-5122-4e5b-b019-0aa5112d6c9c,cleanliness,high
84f02211-1dac-4c9a-93aa-e45573d1850d,wifi_speed,medium
84f02211-1dac-4c9a-93aa-e45573d1850d,cleanliness,high
98335d08-066b-4e91-b273-12669a8f3cdc,comfort,low
98335d08-066b-4e91-b273-12669a8f3cdc,service,high
98335d08-066b-4e91-b273-12669a8f3cdc,ambience,high
528e297b-2c61-47f4-ac15-12649cd35e65,comfort,medium
528e297b-2c61-47f4-ac15-12649cd35e65,cleanliness,medium
528e297b-2c61-47f4-ac15-12649cd35e65,ambience,medium
528e297b-2c61-47f4-ac15-12649cd35e65,service,low
612eb3aa-ddd3-4030-b88b-c9cde5944642,ambience,high
612eb3aa-ddd3-4030-b88b-c9cde5944642,cleanliness,low
612eb3aa-ddd3-4030-b88b-c9cde5944642,service,high
612eb3aa-ddd3-4030-b88b-c9cde5944642,wifi_speed,medium
612eb3aa-ddd3-4030-b88b-c9cde5944642,comfort,high
f3364ac4-9d4a-4487-bdac-4f5ad0af7cf4,ambience,medium
f3364ac4-9d4a-4487-bdac-4f5ad0af7cf4,service,medium
f3364ac4-9d4a-4487-bdac-4f5ad0af7cf4,cleanliness,low
f3364ac4-9d4a-4487-bdac-4f5ad0af7cf4,comfort,low
5111077f-9e42-40a4-be4c-84e87dd7b497,wifi_speed,medium
5111077f-9e42-40a4-be4c-84e87dd7b497,cleanliness,medium
5111077f-9e42-40a4-be4c-84e87dd7b497,comfort,medium
a59e0cda-cb3b-4a55-aeac-9979d23ebf78,cleanliness,medium
a59e0cda-cb3b-4a55-aeac-9979d23ebf78,wifi_speed,medium
a59e0cda-cb3b-4a55-aeac-9979d23ebf78,comfort,medium
a59e0cda-cb3b-4a55-aeac-9979d23ebf78,service,high
a59e0cda-cb3b-4a55-aeac-9979d23ebf78,ambience,medium
9c6e9969-9c91-49e4-ac68-489f1ffc24db,cleanliness,high
9c6e9969-9c91-49e4-ac68-489f1ffc24db,comfort,low
9c6e9969-9c91-49e4-ac68-489f1ffc24db,wifi_speed,medium
9c6e9969-9c91-49e4-ac68-489f1ffc24db,ambience,medium
32a6a9ee-79f6-4e17-9744-1431cace0876,ambience,medium
32a6a9ee-79f6-4e17-9744-1431cace0876,comfort,medium
32a6a9ee-79f6-4e17-9744-1431cace0876,wifi_speed,medium
914561a8-e64d-40a9-b599-c536ddadca08,service,medium
914561a8-e64d-40a9-b599-c536ddadca08,comfort,low
47bba45a-0e06-47e5-a157-ae9a8978ea55,wifi_speed,high
47bba45a-0e06-47e5-a157-ae9a8978ea55,comfort,medium
4e2a2e87-e0d1-4ac2-bfd7-a58e43724466,ambience,low
4e2a2e87-e0d1-4ac2-bfd7-a58e43724466,comfort,high
4e2a2e87-e0d1-4ac2-bfd7-a58e43724466,service,low
4e2a2e87-e0d1-4ac2-bfd7-a58e43724466,cleanliness,low
b0235cf6-50fb-45e7-bf9a-73f3f7f610d7,ambience,high
b0235cf6-50fb-45e7-bf9a-73f3f7f610d7,service,low
b0235cf6-50fb-45e7-bf9a-73f3f7f610d7,wifi_speed,high
b0235cf6-50fb-45e7-bf9a-73f3f7f610d7,comfort,low
b5edcfca-9fb6-4c2e-b29a-126982bc451f,wifi_speed,medium
b5edcfca-9fb6-4c2e-b29a-126982bc451f,comfort,medium
b5edcfca-9fb6-4c2e-b29a-126982bc451f,service,high
b5edcfca-9fb6-4c2e-b29a-126982bc451f,cleanliness,low
b5edcfca-9fb6-4c2e-b29a-126982bc451f,ambience,medium
fbcbb40d-d20a-42f9-b450-8fc579600364,ambience,medium
fbcbb40d-d20a-42f9-b450-8fc579600364,cleanliness,high
fbcbb40d-d20a-42f9-b450-8fc579600364,comfort,medium
fbcbb40d-d20a-42f9-b450-8fc579600364,wifi_speed,medium
fbcbb40d-d20a-42f9-b450-8fc579600364,service,medium
f312dd0a-fe05-4193-b059-e6b3972e72fb,ambience,medium
f312dd0a-fe05-4193-b059-e6b3972e72fb,cleanliness,high
f312dd0a-fe05-4193-b059-e6b3972e72fb,comfort,medium
f312dd0a-fe05-4193-b059-e6b3972e72fb,service,medium
f312dd0a-fe05-4193-b059-e6b3972e72fb,wifi_speed,medium
9443e8f0-7113-4d73-b420-5cb94d6b05f7,ambience,high
9443e8f0-7113-4d73-b420-5cb94d6b05f7,cleanliness,high
9443e8f0-7113-4d73-b420-5cb94d6b05f7,wifi_speed,medium
6bc11956-5e4f-4fa5-8f7a-ee59be23e8ec,comfort,high
6bc11956-5e4f-4fa5-8f7a-ee59be23e8ec,service,high
7e4bb612-6b50-4cf4-9e1a-8cc413f39a52,ambience,medium
7e4bb612-6b50-4cf4-9e1a-8cc413f39a52,service,low
7e4bb612-6b50-4cf4-9e1a-8cc413f39a52,wifi_speed,medium
7e4bb612-6b50-4cf4-9e1a-8cc413f39a52,comfort,low
7e4bb612-6b50-4cf4-9e1a-8cc413f39a52,cleanliness,low
641a09f3-bdeb-464d-a187-b117e0c1bacd,cleanliness,low
641a09f3-bdeb-464d-a187-b117e0c1bacd,ambience,low
6dd95c17-5ac3-4a22-93e5-f4605c213754,service,high
6dd95c17-5ac3-4a22-93e5-f4605c213754,ambience,low
9a9f2ed1-2d84-4852-ad6a-b1d23e21161d,cleanliness,low
9a9f2ed1-2d84-4852-ad6a-b1d23e21161d,wifi_speed,high
4822a97d-e3d8-49e8-8cfb-fdb546932394,cleanliness,low
4822a97d-e3d8-49e8-8cfb-fdb546932394,wifi_speed,low
4822a97d-e3d8-49e8-8cfb-fdb546932394,ambience,medium
4822a97d-e3d8-49e8-8cfb-fdb546932394,service,medium
ef81d452-ec65-43c1-ab32-8f4fe1817ec6,cleanliness,high
ef81d452-ec65-43c1-ab32-8f4fe1817ec6,ambience,medium
ef81d452-ec65-43c1-ab32-8f4fe1817ec6,service,low
ef81d452-ec65-43c1-ab32-8f4fe1817ec6,wifi_speed,medium
734a2229-529d-4507-88b7-eb842e8d53f4,service,low
734a2229-529d-4507-88b7-eb842e8d53f4,cleanliness,low
c2d133bd-2154-433f-8d75-22e597c0bbe0,cleanliness,medium
c2d133bd-2154-433f-8d75-22e597c0bbe0,comfort,high
c2d133bd-2154-433f-8d75-22e597c0bbe0,ambience,low
7cc4b363-dfbc-48bd-b7b8-972388c1497f,comfort,medium
7cc4b363-dfbc-48bd-b7b8-972388c1497f,cleanliness,low
7cc4b363-dfbc-48bd-b7b8-972388c1497f,wifi_speed,medium
c9413796-8d4e-4c45-a6dc-7cbbe8c16958,service,medium
c9413796-8d4e-4c45-a6dc-7cbbe8c16958,wifi_speed,low
c9413796-8d4e-4c45-a6dc-7cbbe8c16958,cleanliness,medium
c9413796-8d4e-4c45-a6dc-7cbbe8c16958,ambience,low
c9413796-8d4e-4c45-a6dc-7cbbe8c16958,comfort,medium
63590ab2-d101-4026-9f46-c91f4afe84e2,comfort,high
63590ab2-d101-4026-9f46-c91f4afe84e2,service,low
869bc3b0-5b48-465f-85de-49810626a13f,cleanliness,low
869bc3b0-5b48-465f-85de-49810626a13f,comfort,high
869bc3b0-5b48-465f-85de-49810626a13f,service,low
869bc3b0-5b48-465f-85de-49810626a13f,wifi_speed,low
869bc3b0-5b48-465f-85de-49810626a13f,ambience,high
79776dc7-d1ce-4ea4-9a8d-d4b5025fcdcb,service,medium
79776dc7-d1ce-4ea4-9a8d-d4b5025fcdcb,cleanliness,high
79776dc7-d1ce-4ea4-9a8d-d4b5025fcdcb,ambience,medium
79776dc7-d1ce-4ea4-9a8d-d4b5025fcdcb,wifi_speed,low
bc875f1c-015a-4e14-ae07-1d33617d47a1,cleanliness,medium
bc875f1c-015a-4e14-ae07-1d33617d47a1,comfort,medium
965c3248-3306-4d0c-b4d8-d21e71cbc86e,wifi_speed,medium
965c3248-3306-4d0c-b4d8-d21e71cbc86e,comfort,high
965c3248-3306-4d0c-b4d8-d21e71cbc86e,cleanliness,low
e5d4952d-da6a-48d3-b676-729e47ff06b5,cleanliness,medium
e5d4952d-da6a-48d3-b676-729e47ff06b5,ambience,medium
e5d4952d-da6a-48d3-b676-729e47ff06b5,comfort,medium
e5d4952d-da6a-48d3-b676-729e47ff06b5,service,low
cb0c6f3b-c634-438d-9071-c6dd37a4adf8,wifi_speed,high
cb0c6f3b-c634-438d-9071-c6dd37a4adf8,comfort,medium
cb0c6f3b-c634-438d-9071-c6dd37a4adf8,cleanliness,low
cb0c6f3b-c634-438d-9071-c6dd37a4adf8,ambience,high
fdcf55e7-cbcc-49bd-966b-40396456ec55,service,low
fdcf55e7-cbcc-49bd-966b-40396456ec55,comfort,medium
fdcf55e7-cbcc-49bd-966b-40396456ec55,wifi_speed,high
0b262821-8d54-40c6-ab26-6d93aec7a951,service,low
0b262821-8d54-40c6-ab26-6d93aec7a951,cleanliness,medium
31ec587d-303e-4f6f-b5ea-d7423180aee3,comfort,medium
31ec587d-303e-4f6f-b5ea-d7423180aee3,service,medium
b745de45-49cd-4cc2-9de1-26e37fefb605,wifi_speed,low
b745de45-49cd-4cc2-9de1-26e37fefb605,ambience,medium
b745de45-49cd-4cc2-9de1-26e37fefb605,cleanliness,high
b745de45-49cd-4cc2-9de1-26e37fefb605,comfort,high
b745de45-49cd-4cc2-9de1-26e37fefb605,service,low
db3507e1-a65c-40e4-879e-6ae6b6270272,cleanliness,medium
db3507e1-a65c-40e4-879e-6ae6b6270272,service,medium
cf152a0d-dbdb-4989-bcb6-a89a7276c3c4,comfort,low
cf152a0d-dbdb-4989-bcb6-a89a7276c3c4,service,high
cf152a0d-dbdb-4989-bcb6-a89a7276c3c4,wifi_speed,low
a4cd613c-54a6-4f0d-928e-2f695a2994ed,cleanliness,low
a4cd613c-54a6-4f0d-928e-2f695a2994ed,ambience,medium
a4cd613c-54a6-4f0d-928e-2f695a2994ed,wifi_speed,high
ff268778-ad92-41b5-8e28-7b482661afa5,wifi_speed,high
ff268778-ad92-41b5-8e28-7b482661afa5,ambience,high
ff268778-ad92-41b5-8e28-7b482661afa5,cleanliness,low
ff268778-ad92-41b5-8e28-7b482661afa5,service,medium
f98bb8e3-5065-451c-8e46-7151a03985b3,service,low
f98bb8e3-5065-451c-8e46-7151a03985b3,comfort,low
f98bb8e3-5065-451c-8e46-7151a03985b3,cleanliness,low
f98bb8e3-5065-451c-8e46-7151a03985b3,wifi_speed,medium
51aecfac-0c92-4cbd-b9d0-4fbc49776d10,ambience,medium
51aecfac-0c92-4cbd-b9d0-4fbc49776d10,cleanliness,high
51aecfac-0c92-4cbd-b9d0-4fbc49776d10,wifi_speed,high
bb3ee4c8-654c-4143-9561-6b4e2da66d48,ambience,low
bb3ee4c8-654c-4143-9561-6b4e2da66d48,comfort,medium
ba1ef2bb-5f81-42bb-8f2b-a80644cac87a,wifi_speed,low
ba1ef2bb-5f81-42bb-8f2b-a80644cac87a,service,low
ba1ef2bb-5f81-42bb-8f2b-a80644cac87a,comfort,medium
ba1ef2bb-5f81-42bb-8f2b-a80644cac87a,ambience,high
ba1ef2bb-5f81-42bb-8f2b-a80644cac87a,cleanliness,low
98fdc69e-1dee-448b-95c0-ee0a1c3cf955,cleanliness,high
98fdc69e-1dee-448b-95c0-ee0a1c3cf955,service,medium
98fdc69e-1dee-448b-95c0-ee0a1c3cf955,ambience,low
98fdc69e-1dee-448b-95c0-ee0a1c3cf955,comfort,low
98fdc69e-1dee-448b-95c0-ee0a1c3cf955,wifi_speed,medium
c5468447-054c-45a4-b3ab-80c397aeb1a8,comfort,high
c5468447-054c-45a4-b3ab-80c397aeb1a8,wifi_speed,low
4d35322b-4bff-4598-949d-7a6ad649cfac,comfort,high
4d35322b-4bff-4598-949d-7a6ad649cfac,ambience,low
2c0db6dd-2466-4af6-a8d3-0a00bbae2796,service,medium
2c0db6dd-2466-4af6-a8d3-0a00bbae2796,wifi_speed,medium
2c0db6dd-2466-4af6-a8d3-0a00bbae2796,comfort,high
2c0db6dd-2466-4af6-a8d3-0a00bbae2796,cleanliness,medium
2c0db6dd-2466-4af6-a8d3-0a00bbae2796,ambience,high
4865d0bd-189e-47c2-ae70-b361d3fb5806,ambience,high
4865d0bd-189e-47c2-ae70-b361d3fb5806,comfort,medium
4865d0bd-189e-47c2-ae70-b361d3fb5806,cleanliness,medium
4865d0bd-189e-47c2-ae70-b361d3fb5806,service,low
4865d0bd-189e-47c2-ae70-b361d3fb5806,wifi_speed,medium
3c0c1dbd-a7b7-42d4-bc3f-481fbffd9897,cleanliness,high
3c0c1dbd-a7b7-42d4-bc3f-481fbffd9897,ambience,high
3c0c1dbd-a7b7-42d4-bc3f-481fbffd9897,comfort,high
3f346a1f-a9e7-4fa5-a7cd-56d71d9e7851,comfort,high
3f346a1f-a9e7-4fa5-a7cd-56d71d9e7851,wifi_speed,medium
3f346a1f-a9e7-4fa5-a7cd-56d71d9e7851,ambience,low
3f346a1f-a9e7-4fa5-a7cd-56d71d9e7851,service,low
f7f5ff62-5f9d-4ba4-8697-9354506b70e6,ambience,high
f7f5ff62-5f9d-4ba4-8697-9354506b70e6,comfort,medium
f7f5ff62-5f9d-4ba4-8697-9354506b70e6,service,medium
b5860b29-39a4-4dd6-9e37-5aaf12156512,service,low
b5860b29-39a4-4dd6-9e37-5aaf12156512,cleanliness,high
b5860b29-39a4-4dd6-9e37-5aaf12156512,ambience,low
b5860b29-39a4-4dd6-9e37-5aaf12156512,comfort,high
b5860b29-39a4-4dd6-9e37-5aaf12156512,wifi_speed,medium
055b7902-343d-4cf3-a417-b9b1b27a2dde,cleanliness,low
055b7902-343d-4cf3-a417-b9b1b27a2dde,comfort,high
055b7902-343d-4cf3-a417-b9b1b27a2dde,wifi_speed,high
55c46545-bb27-4c04-9857-36ab5551557f,wifi_speed,medium
55c46545-bb27-4c04-9857-36ab5551557f,ambience,low
55c46545-bb27-4c04-9857-36ab5551557f,comfort,low
55c46545-bb27-4c04-9857-36ab5551557f,service,low
f5c6379a-11fa-419f-bdc1-b61d2383a2a0,cleanliness,high
f5c6379a-11fa-419f-bdc1-b61d2383a2a0,wifi_speed,medium
f5c6379a-11fa-419f-bdc1-b61d2383a2a0,ambience,high
f5c6379a-11fa-419f-bdc1-b61d2383a2a0,comfort,high
37789fd7-cf90-4b3b-a79b-0a942b744196,ambience,low
37789fd7-cf90-4b3b-a79b-0a942b744196,comfort,medium
37789fd7-cf90-4b3b-a79b-0a942b744196,service,low
37789fd7-cf90-4b3b-a79b-0a942b744196,wifi_speed,high
2cefcdfa-7f7a-46c5-b71c-c9e2d70444e9,service,medium
2cefcdfa-7f7a-46c5-b71c-c9e2d70444e9,ambience,low
2cefcdfa-7f7a-46c5-b71c-c9e2d70444e9,wifi_speed,medium
0dc7d5f5-6bc7-495a-b262-773c1a52ca5c,cleanliness,low
0dc7d5f5-6bc7-495a-b262-773c1a52ca5c,service,high
0dc7d5f5-6bc7-495a-b262-773c1a52ca5c,comfort,high
0dc7d5f5-6bc7-495a-b262-773c1a52ca5c,wifi_speed,high
0dc7d5f5-6bc7-495a-b262-773c1a52ca5c,ambience,medium
9c148301-30d0-4d65-8f16-3519281f36b3,cleanliness,medium
9c148301-30d0-4d65-8f16-3519281f36b3,wifi_speed,high
9c148301-30d0-4d65-8f16-3519281f36b3,ambience,medium
d9a222ac-2490-4cbe-818c-67ade8d18901,cleanliness,high
d9a222ac-2490-4cbe-818c-67ade8d18901,comfort,low
b981b497-b6c9-47b0-b9a2-0cca3b0609f9,comfort,high
b981b497-b6c9-47b0-b9a2-0cca3b0609f9,service,low
b981b497-b6c9-47b0-b9a2-0cca3b0609f9,wifi_speed,high
b981b497-b6c9-47b0-b9a2-0cca3b0609f9,ambience,medium
1b4a9570-3af1-48a0-bd06-cc94d9878e52,cleanliness,medium
1b4a9570-3af1-48a0-bd06-cc94d9878e52,comfort,medium
82aaaf05-04e7-4a8f-a206-b0aa8fdae4d1,cleanliness,low
82aaaf05-04e7-4a8f-a206-b0aa8fdae4d1,ambience,high
82aaaf05-04e7-4a8f-a206-b0aa8fdae4d1,comfort,low
82aaaf05-04e7-4a8f-a206-b0aa8fdae4d1,wifi_speed,high
82aaaf05-04e7-4a8f-a206-b0aa8fdae4d1,service,medium
e8c4a71a-dbd3-4d46-adcf-5e7bb7aa6bf3,comfort,high
e8c4a71a-dbd3-4d46-adcf-5e7bb7aa6bf3,cleanliness,high
e8c4a71a-dbd3-4d46-adcf-5e7bb7aa6bf3,service,high
e8c4a71a-dbd3-4d46-adcf-5e7bb7aa6bf3,wifi_speed,high
9b1e1fb2-4744-4d3c-9a32-ba752d46e0bf,wifi_speed,high
9b1e1fb2-4744-4d3c-9a32-ba752d46e0bf,service,medium
07cf3512-8a90-4132-87c1-780f43f99db1,comfort,low
07cf3512-8a90-4132-87c1-780f43f99db1,cleanliness,medium
07cf3512-8a90-4132-87c1-780f43f99db1,ambience,high
07cf3512-8a90-4132-87c1-780f43f99db1,wifi_speed,low
07cf3512-8a90-4132-87c1-780f43f99db1,service,medium
ca4a28f7-e3dd-4276-83dd-ae9c8b115fcb,service,medium
ca4a28f7-e3dd-4276-83dd-ae9c8b115fcb,comfort,low
ca4a28f7-e3dd-4276-83dd-ae9c8b115fcb,wifi_speed,high
ca4a28f7-e3dd-4276-83dd-ae9c8b115fcb,cleanliness,medium
ca4a28f7-e3dd-4276-83dd-ae9c8b115fcb,ambience,high
4765b70a-0813-4ebc-afbc-7927c78e6e6e,service,low
4765b70a-0813-4ebc-afbc-7927c78e6e6e,ambience,high
0875602b-e3bd-4933-bda8-d2de127b48eb,service,medium
0875602b-e3bd-4933-bda8-d2de127b48eb,wifi_speed,medium
0875602b-e3bd-4933-bda8-d2de127b48eb,cleanliness,medium
0875602b-e3bd-4933-bda8-d2de127b48eb,ambience,low
fa4fbc25-765d-4687-b240-e5a211db3515,service,high
fa4fbc25-765d-4687-b240-e5a211db3515,wifi_speed,high
fa4fbc25-765d-4687-b240-e5a211db3515,cleanliness,low
fa4fbc25-765d-4687-b240-e5a211db3515,ambience,low
fa4fbc25-765d-4687-b240-e5a211db3515,comfort,high
b806456b-68e7-4342-bf89-da20604cbd71,service,low
b806456b-68e7-4342-bf89-da20604cbd71,ambience,medium
b806456b-68e7-4342-bf89-da20604cbd71,cleanliness,high
b806456b-68e7-4342-bf89-da20604cbd71,comfort,high
9e1ddb02-bf7d-40d4-a100-37553a7e2e4d,wifi_speed,high
9e1ddb02-bf7d-40d4-a100-37553a7e2e4d,service,medium
9e1ddb02-bf7d-40d4-a100-37553a7e2e4d,comfort,medium
9e1ddb02-bf7d-40d4-a100-37553a7e2e4d,cleanliness,high
0ad0d49d-4570-4e14-8d99-84250f7b9c4a,cleanliness,high
0ad0d49d-4570-4e14-8d99-84250f7b9c4a,ambience,high
0ad0d49d-4570-4e14-8d99-84250f7b9c4a,service,medium
0ad0d49d-4570-4e14-8d99-84250f7b9c4a,wifi_speed,low
0ad0d49d-4570-4e14-8d99-84250f7b9c4a,comfort,high
9c4b0b4a-9ab1-4520-8952-5b1dd85fea3a,ambience,high
9c4b0b4a-9ab1-4520-8952-5b1dd85fea3a,comfort,low
9c4b0b4a-9ab1-4520-8952-5b1dd85fea3a,wifi_speed,high
9c4b0b4a-9ab1-4520-8952-5b1dd85fea3a,service,low
9c4b0b4a-9ab1-4520-8952-5b1dd85fea3a,cleanliness,low
5750e7d8-7a29-4a10-8f6c-1cbca837c4d5,ambience,low
5750e7d8-7a29-4a10-8f6c-1cbca837c4d5,service,high
f6ba9da3-e07c-430b-8946-77eebef8e6e7,comfort,low
f6ba9da3-e07c-430b-8946-77eebef8e6e7,service,low
f6ba9da3-e07c-430b-8946-77eebef8e6e7,wifi_speed,low
f6ba9da3-e07c-430b-8946-77eebef8e6e7,ambience,high
edc88cdc-0723-481a-af46-82a0b356c9b9,cleanliness,low
edc88cdc-0723-481a-af46-82a0b356c9b9,comfort,low
ea6765a7-4cf5-40ca-a5ba-377fa8d0d0eb,ambience,high
ea6765a7-4cf5-40ca-a5ba-377fa8d0d0eb,service,high
3679f281-4de2-418d-8ef0-465e2f558c7d,comfort,medium
3679f281-4de2-418d-8ef0-465e2f558c7d,cleanliness,medium
3679f281-4de2-418d-8ef0-465e2f558c7d,ambience,low
3679f281-4de2-418d-8ef0-465e2f558c7d,wifi_speed,medium
da7d0828-2544-42fe-8338-cfe5e0a4c2e1,service,high
da7d0828-2544-42fe-8338-cfe5e0a4c2e1,wifi_speed,medium
c76045c8-2878-4a28-97d6-fba0c58ab101,wifi_speed,medium
c76045c8-2878-4a28-97d6-fba0c58ab101,service,high
8870cb95-8c1e-4419-b2a1-fd286dd749a8,comfort,low
8870cb95-8c1e-4419-b2a1-fd286dd749a8,service,high
8f6af391-0628-49bc-9fc2-d7629ffe3b3a,service,high
8f6af391-0628-49bc-9fc2-d7629ffe3b3a,wifi_speed,high
8f6af391-0628-49bc-9fc2-d7629ffe3b3a,ambience,medium
15198021-ff51-4fb1-951d-20eeb7a8945b,cleanliness,medium
15198021-ff51-4fb1-951d-20eeb7a8945b,ambience,low
15198021-ff51-4fb1-951d-20eeb7a8945b,comfort,medium
15198021-ff51-4fb1-951d-20eeb7a8945b,wifi_speed,low
15198021-ff51-4fb1-951d-20eeb7a8945b,service,low
26e863fc-b527-4ec4-8410-cf9510d3c997,service,high
26e863fc-b527-4ec4-8410-cf9510d3c997,cleanliness,medium
26e863fc-b527-4ec4-8410-cf9510d3c997,ambience,medium
26e863fc-b527-4ec4-8410-cf9510d3c997,comfort,medium
26e863fc-b527-4ec4-8410-cf9510d3c997,wifi_speed,low
91953507-b5b8-41b5-9ce4-8640b0594d33,cleanliness,medium
91953507-b5b8-41b5-9ce4-8640b0594d33,comfort,medium
91953507-b5b8-41b5-9ce4-8640b0594d33,wifi_speed,medium
b298d401-a4d5-4233-81be-f74ea6e6b5a5,wifi_speed,low
b298d401-a4d5-4233-81be-f74ea6e6b5a5,comfort,high
b298d401-a4d5-4233-81be-f74ea6e6b5a5,service,medium
fffcb06a-7c6d-4267-9981-6785a76b2426,cleanliness,medium
fffcb06a-7c6d-4267-9981-6785a76b2426,wifi_speed,high
2b9d4c4e-19cb-481d-a74e-b6d6eef78d9f,wifi_speed,medium
2b9d4c4e-19cb-481d-a74e-b6d6eef78d9f,comfort,high
c88f0542-598f-4bd9-b432-84c3b87bbd29,service,high
c88f0542-598f-4bd9-b432-84c3b87bbd29,wifi_speed,low
c88f0542-598f-4bd9-b432-84c3b87bbd29,cleanliness,high
c88f0542-598f-4bd9-b432-84c3b87bbd29,ambience,low
bd5fda64-0e9c-4186-b6a5-ea3516631eab,ambience,high
bd5fda64-0e9c-4186-b6a5-ea3516631eab,service,high
bd5fda64-0e9c-4186-b6a5-ea3516631eab,comfort,high
bd5fda64-0e9c-4186-b6a5-ea3516631eab,cleanliness,low
3c745edf-495a-4fc9-b091-052b31dd2910,ambience,low
3c745edf-495a-4fc9-b091-052b31dd2910,service,low
3c745edf-495a-4fc9-b091-052b31dd2910,wifi_speed,medium
3c745edf-495a-4fc9-b091-052b31dd2910,comfort,low
3c745edf-495a-4fc9-b091-052b31dd2910,cleanliness,high
780422f1-5c07-4328-8770-b94c1a6c3aa8,comfort,low
780422f1-5c07-4328-8770-b94c1a6c3aa8,cleanliness,low
780422f1-5c07-4328-8770-b94c1a6c3aa8,wifi_speed,high
780422f1-5c07-4328-8770-b94c1a6c3aa8,service,low
c85fefb3-dae3-463f-a658-2ad1e947d64b,comfort,low
c85fefb3-dae3-463f-a658-2ad1e947d64b,service,medium
c85fefb3-dae3-463f-a658-2ad1e947d64b,wifi_speed,low
c85fefb3-dae3-463f-a658-2ad1e947d64b,cleanliness,high
c85fefb3-dae3-463f-a658-2ad1e947d64b,ambience,medium
5098ae85-0369-4a7f-9aed-11842dab57ca,ambience,low
5098ae85-0369-4a7f-9aed-11842dab57ca,service,medium
5098ae85-0369-4a7f-9aed-11842dab57ca,cleanliness,medium
95b525a7-79cd-4aaa-b0d9-63a7a90ded47,ambience,low
95b525a7-79cd-4aaa-b0d9-63a7a90ded47,comfort,medium
95b525a7-79cd-4aaa-b0d9-63a7a90ded47,cleanliness,medium
95b525a7-79cd-4aaa-b0d9-63a7a90ded47,service,low
04aead77-87b3-4b52-b7ae-79da65a9abd3,service,high
04aead77-87b3-4b52-b7ae-79da65a9abd3,wifi_speed,high
0c9ce801-e138-442f-a46d-967b557bc870,ambience,medium
0c9ce801-e138-442f-a46d-967b557bc870,service,low
0c9ce801-e138-442f-a46d-967b557bc870,comfort,high
0c9ce801-e138-442f-a46d-967b557bc870,wifi_speed,low
0c9ce801-e138-442f-a46d-967b557bc870,cleanliness,low
9e0f5b20-11a9-4c68-8cef-6158e31db13d,ambience,low
9e0f5b20-11a9-4c68-8cef-6158e31db13d,wifi_speed,high
bb6c21a8-062c-49f1-abf8-949e749a7c7a,wifi_speed,medium
bb6c21a8-062c-49f1-abf8-949e749a7c7a,comfort,high
bb6c21a8-062c-49f1-abf8-949e749a7c7a,cleanliness,medium
31e8cf59-2f99-4bde-b284-eb848b8f91f0,service,medium
31e8cf59-2f99-4bde-b284-eb848b8f91f0,cleanliness,low
31e8cf59-2f99-4bde-b284-eb848b8f91f0,comfort,medium
0f24cf78-83c9-47a3-88e0-85c44144ea57,comfort,medium
0f24cf78-83c9-47a3-88e0-85c44144ea57,service,high
0f24cf78-83c9-47a3-88e0-85c44144ea57,wifi_speed,high
a9bb5976-3d4b-4b77-8d9f-483b6dc9ebba,wifi_speed,low
a9bb5976-3d4b-4b77-8d9f-483b6dc9ebba,cleanliness,low
a9bb5976-3d4b-4b77-8d9f-483b6dc9ebba,ambience,low
7a20bf83-04ca-4dc8-b563-1063baf315de,ambience,medium
7a20bf83-04ca-4dc8-b563-1063baf315de,comfort,medium
7a20bf83-04ca-4dc8-b563-1063baf315de,service,high
7a20bf83-04ca-4dc8-b563-1063baf315de,cleanliness,low
e1a54abf-24e6-4e0a-9918-172c18540405,wifi_speed,medium
e1a54abf-24e6-4e0a-9918-172c18540405,service,medium
e1a54abf-24e6-4e0a-9918-172c18540405,comfort,medium
e1a54abf-24e6-4e0a-9918-172c18540405,ambience,low
11d3201f-c912-40b1-b285-6a897b5fcf7e,comfort,low
11d3201f-c912-40b1-b285-6a897b5fcf7e,service,medium
11d3201f-c912-40b1-b285-6a897b5fcf7e,wifi_speed,low
11d3201f-c912-40b1-b285-6a897b5fcf7e,ambience,high
11d3201f-c912-40b1-b285-6a897b5fcf7e,cleanliness,high
dba6a3d0-3f0b-4d86-81dc-fcaaf665c4f3,ambience,medium
dba6a3d0-3f0b-4d86-81dc-fcaaf665c4f3,comfort,low
dba6a3d0-3f0b-4d86-81dc-fcaaf665c4f3,cleanliness,low
dba6a3d0-3f0b-4d86-81dc-fcaaf665c4f3,wifi_speed,low
dba6a3d0-3f0b-4d86-81dc-fcaaf665c4f3,service,medium
a4b2e600-ee17-4bb0-bf74-e825ed105101,wifi_speed,high
a4b2e600-ee17-4bb0-bf74-e825ed105101,comfort,medium
a4b2e600-ee17-4bb0-bf74-e825ed105101,ambience,low
ff946708-84be-4a8f-b75c-82414f4aa033,comfort,high
ff946708-84be-4a8f-b75c-82414f4aa033,ambience,low
7d18474f-5da7-4a44-8bc3-eeb30664b8ce,comfort,medium
7d18474f-5da7-4a44-8bc3-eeb30664b8ce,ambience,low
7d18474f-5da7-4a44-8bc3-eeb30664b8ce,wifi_speed,low
7d18474f-5da7-4a44-8bc3-eeb30664b8ce,service,high
7d18474f-5da7-4a44-8bc3-eeb30664b8ce,cleanliness,high
23a4097b-5be9-4ce9-a43d-014e6039da7d,cleanliness,high
23a4097b-5be9-4ce9-a43d-014e6039da7d,wifi_speed,high
a2bbe929-ac4c-45be-a51e-2f4ee8917561,wifi_speed,high
a2bbe929-ac4c-45be-a51e-2f4ee8917561,comfort,high
482124fe-0022-4f7e-a386-76f94f411963,ambience,medium
482124fe-0022-4f7e-a386-76f94f411963,wifi_speed,low
482124fe-0022-4f7e-a386-76f94f411963,cleanliness,high
acdce6c6-3775-4dc5-b451-fafddcc07118,wifi_speed,medium
acdce6c6-3775-4dc5-b451-fafddcc07118,service,medium
acdce6c6-3775-4dc5-b451-fafddcc07118,cleanliness,medium
acdce6c6-3775-4dc5-b451-fafddcc07118,comfort,high
acdce6c6-3775-4dc5-b451-fafddcc07118,ambience,low
148d5411-d062-409e-b7ec-233af41510bc,comfort,high
148d5411-d062-409e-b7ec-233af41510bc,ambience,low
148d5411-d062-409e-b7ec-233af41510bc,wifi_speed,high
5f7a8e9a-b91d-4d06-9d4f-c36e2ea684fa,service,medium
5f7a8e9a-b91d-4d06-9d4f-c36e2ea684fa,comfort,medium
5f7a8e9a-b91d-4d06-9d4f-c36e2ea684fa,cleanliness,medium
5f7a8e9a-b91d-4d06-9d4f-c36e2ea684fa,ambience,low
62d4f4db-cf11-42f3-9a2c-6ffd80ff3d49,cleanliness,high
62d4f4db-cf11-42f3-9a2c-6ffd80ff3d49,wifi_speed,medium
62d4f4db-cf11-42f3-9a2c-6ffd80ff3d49,service,low
62d4f4db-cf11-42f3-9a2c-6ffd80ff3d49,comfort,low
0ed0b33b-b790-4d83-a50b-1cef80d46bee,ambience,medium
0ed0b33b-b790-4d83-a50b-1cef80d46bee,service,high
5b0c37b0-1e54-4d85-96cc-45c266478f9a,ambience,high
5b0c37b0-1e54-4d85-96cc-45c266478f9a,cleanliness,low
5b0c37b0-1e54-4d85-96cc-45c266478f9a,wifi_speed,low
5b0c37b0-1e54-4d85-96cc-45c266478f9a,service,low
5b0c37b0-1e54-4d85-96cc-45c266478f9a,comfort,high
8c17fd9d-45b5-40e2-ae00-8dd791056f2b,cleanliness,high
8c17fd9d-45b5-40e2-ae00-8dd791056f2b,service,high
8c17fd9d-45b5-40e2-ae00-8dd791056f2b,ambience,low
8c17fd9d-45b5-40e2-ae00-8dd791056f2b,comfort,high
8c17fd9d-45b5-40e2-ae00-8dd791056f2b,wifi_speed,low
151a760b-27e0-4f62-8a15-91c0d8acf3ba,cleanliness,low
151a760b-27e0-4f62-8a15-91c0d8acf3ba,ambience,high
151a760b-27e0-4f62-8a15-91c0d8acf3ba,service,low
151a760b-27e0-4f62-8a15-91c0d8acf3ba,comfort,low
151a760b-27e0-4f62-8a15-91c0d8acf3ba,wifi_speed,medium
9ed574ec-a120-45c7-b7bc-2156dc031071,wifi_speed,medium
9ed574ec-a120-45c7-b7bc-2156dc031071,cleanliness,low
9ed574ec-a120-45c7-b7bc-2156dc031071,service,low
9ed574ec-a120-45c7-b7bc-2156dc031071,comfort,low
9ed574ec-a120-45c7-b7bc-2156dc031071,ambience,low
ff519d86-7961-4fe3-8079-93fafdbaa990,service,high
ff519d86-7961-4fe3-8079-93fafdbaa990,cleanliness,medium
ff519d86-7961-4fe3-8079-93fafdbaa990,wifi_speed,medium
ff519d86-7961-4fe3-8079-93fafdbaa990,comfort,low
af8d983e-3736-45eb-b357-8cf5971245d7,ambience,high
af8d983e-3736-45eb-b357-8cf5971245d7,cleanliness,medium
af8d983e-3736-45eb-b357-8cf5971245d7,wifi_speed,medium
af8d983e-3736-45eb-b357-8cf5971245d7,comfort,low
af8d983e-3736-45eb-b357-8cf5971245d7,service,high
4df294cd-c4d9-4408-92b7-1d5d5f25518e,service,medium
4df294cd-c4d9-4408-92b7-1d5d5f25518e,comfort,low
ed6639a7-94a2-4669-9ba5-47e9b2be74a2,ambience,low
ed6639a7-94a2-4669-9ba5-47e9b2be74a2,service,medium
ed6639a7-94a2-4669-9ba5-47e9b2be74a2,comfort,high
ed6639a7-94a2-4669-9ba5-47e9b2be74a2,cleanliness,high
1a9027b2-81eb-4908-9a82-e53b8aa7ab61,ambience,low
1a9027b2-81eb-4908-9a82-e53b8aa7ab61,wifi_speed,low
1a9027b2-81eb-4908-9a82-e53b8aa7ab61,cleanliness,medium
1a9027b2-81eb-4908-9a82-e53b8aa7ab61,comfort,medium
f6585a2d-a47a-4d0f-a576-17d7f69061c0,comfort,medium
f6585a2d-a47a-4d0f-a576-17d7f69061c0,service,high
f6585a2d-a47a-4d0f-a576-17d7f69061c0,wifi_speed,high
f6585a2d-a47a-4d0f-a576-17d7f69061c0,cleanliness,high
30a75833-0196-4337-912d-9bf0735d1ba5,cleanliness,low
30a75833-0196-4337-912d-9bf0735d1ba5,wifi_speed,medium
30a75833-0196-4337-912d-9bf0735d1ba5,ambience,low
30a75833-0196-4337-912d-9bf0735d1ba5,comfort,low
1590720d-63ba-47f9-8a43-87ac870e4f25,ambience,high
1590720d-63ba-47f9-8a43-87ac870e4f25,cleanliness,low
1590720d-63ba-47f9-8a43-87ac870e4f25,service,medium
1590720d-63ba-47f9-8a43-87ac870e4f25,comfort,medium
984defcc-8424-4e5f-a90d-1efd899778c3,ambience,medium
984defcc-8424-4e5f-a90d-1efd899778c3,comfort,high
984defcc-8424-4e5f-a90d-1efd899778c3,service,medium
984defcc-8424-4e5f-a90d-1efd899778c3,wifi_speed,high
1fadfb3c-ce38-4b75-a771-dc3b85d221c5,wifi_speed,low
1fadfb3c-ce38-4b75-a771-dc3b85d221c5,comfort,medium
1fadfb3c-ce38-4b75-a771-dc3b85d221c5,ambience,high
1fadfb3c-ce38-4b75-a771-dc3b85d221c5,service,low
1fadfb3c-ce38-4b75-a771-dc3b85d221c5,cleanliness,low
068ad7ab-4c44-491c-af83-776a3e99bdec,comfort,high
068ad7ab-4c44-491c-af83-776a3e99bdec,ambience,high
068ad7ab-4c44-491c-af83-776a3e99bdec,wifi_speed,low
cf97509e-2890-4a51-a022-369127f4f3bb,cleanliness,medium
cf97509e-2890-4a51-a022-369127f4f3bb,service,medium
31023a14-2f9b-4ab3-ae09-a5d37e8895ab,service,low
31023a14-2f9b-4ab3-ae09-a5d37e8895ab,wifi_speed,medium
31023a14-2f9b-4ab3-ae09-a5d37e8895ab,cleanliness,low
e1b25076-1dbe-48cd-8691-66c9c2d85413,ambience,medium
e1b25076-1dbe-48cd-8691-66c9c2d85413,service,medium
e1b25076-1dbe-48cd-8691-66c9c2d85413,comfort,low
e1b25076-1dbe-48cd-8691-66c9c2d85413,wifi_speed,high
8d0abc6b-03c1-45ac-81ad-90aa83bf8472,wifi_speed,high
8d0abc6b-03c1-45ac-81ad-90aa83bf8472,ambience,high
8d0abc6b-03c1-45ac-81ad-90aa83bf8472,service,high
8d0abc6b-03c1-45ac-81ad-90aa83bf8472,cleanliness,low
4fae2f19-3c80-4a56-b348-ae6fd1419123,wifi_speed,high
4fae2f19-3c80-4a56-b348-ae6fd1419123,ambience,high
4fae2f19-3c80-4a56-b348-ae6fd1419123,cleanliness,medium
4fae2f19-3c80-4a56-b348-ae6fd1419123,service,medium
4fae2f19-3c80-4a56-b348-ae6fd1419123,comfort,low
d6bc0a85-251c-4f49-9ff5-d204c33b4d79,comfort,medium
d6bc0a85-251c-4f49-9ff5-d204c33b4d79,wifi_speed,medium
d6bc0a85-251c-4f49-9ff5-d204c33b4d79,service,high
8a50fe8b-bf00-49ed-998f-796033cb9d35,ambience,high
8a50fe8b-bf00-49ed-998f-796033cb9d35,cleanliness,medium
8a50fe8b-bf00-49ed-998f-796033cb9d35,comfort,medium
8a50fe8b-bf00-49ed-998f-796033cb9d35,service,low
8a50fe8b-bf00-49ed-998f-796033cb9d35,wifi_speed,low
2b95d67d-1a6d-4362-9c7b-97ac73f6da1c,ambience,low
2b95d67d-1a6d-4362-9c7b-97ac73f6da1c,wifi_speed,high
2b95d67d-1a6d-4362-9c7b-97ac73f6da1c,comfort,high
c7afc47c-bbae-433c-ad04-1c1e7dd5fc43,cleanliness,low
c7afc47c-bbae-433c-ad04-1c1e7dd5fc43,wifi_speed,medium
9b3400bb-1c74-4775-a750-174af579d075,comfort,low
9b3400bb-1c74-4775-a750-174af579d075,wifi_speed,low
9b3400bb-1c74-4775-a750-174af579d075,cleanliness,medium
95ed5dfd-6914-499b-811a-923095f09a6b,cleanliness,medium
95ed5dfd-6914-499b-811a-923095f09a6b,service,high
95ed5dfd-6914-499b-811a-923095f09a6b,ambience,low
95ed5dfd-6914-499b-811a-923095f09a6b,wifi_speed,low
47b45141-ea93-4728-86d7-a2f99f2667ff,wifi_speed,high
47b45141-ea93-4728-86d7-a2f99f2667ff,ambience,low
c5ca9869-bd8f-4b3f-8217-ff0f23d4ca54,service,high
c5ca9869-bd8f-4b3f-8217-ff0f23d4ca54,cleanliness,low
c5ca9869-bd8f-4b3f-8217-ff0f23d4ca54,wifi_speed,medium
c5ca9869-bd8f-4b3f-8217-ff0f23d4ca54,ambience,high
0adf50c4-1a5c-4b6d-ab27-734d093616fb,comfort,high
0adf50c4-1a5c-4b6d-ab27-734d093616fb,wifi_speed,medium
0adf50c4-1a5c-4b6d-ab27-734d093616fb,cleanliness,low
39cc70b5-88ef-45df-94c6-422c3f7af02e,ambience,medium
39cc70b5-88ef-45df-94c6-422c3f7af02e,wifi_speed,medium
39cc70b5-88ef-45df-94c6-422c3f7af02e,comfort,medium
39cc70b5-88ef-45df-94c6-422c3f7af02e,service,low
8916f74f-bfec-4ce2-8756-8bbf8c579fd8,service,low
8916f74f-bfec-4ce2-8756-8bbf8c579fd8,wifi_speed,high
8916f74f-bfec-4ce2-8756-8bbf8c579fd8,ambience,low
8916f74f-bfec-4ce2-8756-8bbf8c579fd8,cleanliness,low
4de00ec0-fc14-4ca6-a662-afe245173bf4,comfort,medium
4de00ec0-fc14-4ca6-a662-afe245173bf4,service,high
2d73ae4f-8700-441b-8673-e8d02e229288,cleanliness,low
2d73ae4f-8700-441b-8673-e8d02e229288,ambience,low
2d73ae4f-8700-441b-8673-e8d02e229288,wifi_speed,medium
3453de04-fd33-4b80-84f0-0a140ffb29e4,comfort,low
3453de04-fd33-4b80-84f0-0a140ffb29e4,wifi_speed,high
3453de04-fd33-4b80-84f0-0a140ffb29e4,ambience,high
3453de04-fd33-4b80-84f0-0a140ffb29e4,service,medium
058d3de7-6540-43b0-9141-1fc8ec6bdaf5,comfort,medium
058d3de7-6540-43b0-9141-1fc8ec6bdaf5,cleanliness,high
058d3de7-6540-43b0-9141-1fc8ec6bdaf5,wifi_speed,medium
3fe61e0c-aad6-4174-ac4b-0f4ff8320341,ambience,high
3fe61e0c-aad6-4174-ac4b-0f4ff8320341,wifi_speed,low
3fe61e0c-aad6-4174-ac4b-0f4ff8320341,service,medium
3fe61e0c-aad6-4174-ac4b-0f4ff8320341,cleanliness,medium
3fe61e0c-aad6-4174-ac4b-0f4ff8320341,comfort,medium
c08f9714-34c1-4a03-8641-bfb810504891,cleanliness,medium
c08f9714-34c1-4a03-8641-bfb810504891,comfort,high
c08f9714-34c1-4a03-8641-bfb810504891,wifi_speed,high
c08f9714-34c1-4a03-8641-bfb810504891,service,high
ae148677-b9d4-427d-ba6b-6d28c565313b,cleanliness,low
ae148677-b9d4-427d-ba6b-6d28c565313b,wifi_speed,medium
ae148677-b9d4-427d-ba6b-6d28c565313b,service,high
ae148677-b9d4-427d-ba6b-6d28c565313b,comfort,high
2bd7be03-0958-4d8e-ae82-1880fc36a75c,comfort,high
2bd7be03-0958-4d8e-ae82-1880fc36a75c,ambience,low
f6399b03-be0d-48a7-a3c1-b3d9a8158f19,wifi_speed,low
f6399b03-be0d-48a7-a3c1-b3d9a8158f19,comfort,high
f6399b03-be0d-48a7-a3c1-b3d9a8158f19,ambience,low
c0bfb782-82c3-4533-9ffb-81f74afa2e1b,service,medium
c0bfb782-82c3-4533-9ffb-81f74afa2e1b,cleanliness,high
c0bfb782-82c3-4533-9ffb-81f74afa2e1b,ambience,low
c0bfb782-82c3-4533-9ffb-81f74afa2e1b,wifi_speed,medium
c0bfb782-82c3-4533-9ffb-81f74afa2e1b,comfort,medium
3ff6971b-ba05-4046-b940-4333351925fd,cleanliness,high
3ff6971b-ba05-4046-b940-4333351925fd,service,medium
3ff6971b-ba05-4046-b940-4333351925fd,comfort,medium
ac76f3b1-4753-40bf-9a25-1277610a9d7b,comfort,high
ac76f3b1-4753-40bf-9a25-1277610a9d7b,service,low
ac76f3b1-4753-40bf-9a25-1277610a9d7b,wifi_speed,low
ac76f3b1-4753-40bf-9a25-1277610a9d7b,cleanliness,medium
ac76f3b1-4753-40bf-9a25-1277610a9d7b,ambience,low
04daf648-5dec-4e77-8ad7-74447e7b7ae7,wifi_speed,high
04daf648-5dec-4e77-8ad7-74447e7b7ae7,ambience,low
04daf648-5dec-4e77-8ad7-74447e7b7ae7,comfort,low
04daf648-5dec-4e77-8ad7-74447e7b7ae7,service,low
9ca6b02f-df5f-4963-b3d7-e1e9b9d8c620,cleanliness,high
9ca6b02f-df5f-4963-b3d7-e1e9b9d8c620,wifi_speed,high
9ca6b02f-df5f-4963-b3d7-e1e9b9d8c620,service,low
f3392ef1-ef90-4699-afdd-42436d55d1a8,comfort,medium
f3392ef1-ef90-4699-afdd-42436d55d1a8,ambience,high
9bb29202-8699-48c7-bb22-d0891c27b0eb,ambience,medium
9bb29202-8699-48c7-bb22-d0891c27b0eb,wifi_speed,medium
9bb29202-8699-48c7-bb22-d0891c27b0eb,service,low
9bb29202-8699-48c7-bb22-d0891c27b0eb,cleanliness,medium
dd946f43-3af5-42ef-98cf-8fccb035c87b,cleanliness,medium
dd946f43-3af5-42ef-98cf-8fccb035c87b,comfort,high
dd946f43-3af5-42ef-98cf-8fccb035c87b,service,high
dd946f43-3af5-42ef-98cf-8fccb035c87b,ambience,high
4ea1c0b6-2b38-4c60-8785-06b85f0a2a08,service,medium
4ea1c0b6-2b38-4c60-8785-06b85f0a2a08,cleanliness,high
52f39079-a590-425d-bfb5-a84762265305,ambience,high
52f39079-a590-425d-bfb5-a84762265305,service,medium
52f39079-a590-425d-bfb5-a84762265305,comfort,low
deb174e4-19d6-40c8-9fac-341c848c2419,wifi_speed,high
deb174e4-19d6-40c8-9fac-341c848c2419,cleanliness,low
deb174e4-19d6-40c8-9fac-341c848c2419,service,low
deb174e4-19d6-40c8-9fac-341c848c2419,ambience,low
deb174e4-19d6-40c8-9fac-341c848c2419,comfort,high
218a8a7d-d67d-42d7-a300-96142a9755cd,wifi_speed,high
218a8a7d-d67d-42d7-a300-96142a9755cd,service,high
218a8a7d-d67d-42d7-a300-96142a9755cd,ambience,medium
218a8a7d-d67d-42d7-a300-96142a9755cd,comfort,high
218a8a7d-d67d-42d7-a300-96142a9755cd,cleanliness,high
6292ec4d-16f0-4c34-a1ad-5002e407de1a,cleanliness,high
6292ec4d-16f0-4c34-a1ad-5002e407de1a,service,high
6292ec4d-16f0-4c34-a1ad-5002e407de1a,ambience,low
6292ec4d-16f0-4c34-a1ad-5002e407de1a,comfort,medium
bdfb043d-f8a9-49d1-b929-9449898e6b95,comfort,medium
bdfb043d-f8a9-49d1-b929-9449898e6b95,service,high
bdfb043d-f8a9-49d1-b929-9449898e6b95,cleanliness,low
bdfb043d-f8a9-49d1-b929-9449898e6b95,wifi_speed,high
833fd62e-0727-4c57-bf70-96bd52a30158,wifi_speed,low
833fd62e-0727-4c57-bf70-96bd52a30158,cleanliness,low
833fd62e-0727-4c57-bf70-96bd52a30158,ambience,high
69737cbf-d4a7-4ceb-90d3-2d63c56d0f0e,service,high
69737cbf-d4a7-4ceb-90d3-2d63c56d0f0e,cleanliness,high
69737cbf-d4a7-4ceb-90d3-2d63c56d0f0e,ambience,medium
de919c90-ed17-479d-9e8c-2b739ebb5bc9,wifi_speed,high
de919c90-ed17-479d-9e8c-2b739ebb5bc9,ambience,high
de919c90-ed17-479d-9e8c-2b739ebb5bc9,comfort,low
de919c90-ed17-479d-9e8c-2b739ebb5bc9,service,medium
f9d320f7-efe5-4e93-9797-77fa27661f45,comfort,medium
f9d320f7-efe5-4e93-9797-77fa27661f45,ambience,low
f9d320f7-efe5-4e93-9797-77fa27661f45,wifi_speed,low
f9d320f7-efe5-4e93-9797-77fa27661f45,cleanliness,high
f9d320f7-efe5-4e93-9797-77fa27661f45,service,high
bb6cf0a8-086d-43da-8717-5efa216b6b20,wifi_speed,medium
bb6cf0a8-086d-43da-8717-5efa216b6b20,service,low
bb6cf0a8-086d-43da-8717-5efa216b6b20,cleanliness,medium
5a461d12-bd6b-4ec9-890e-12adccbbf327,service,high
5a461d12-bd6b-4ec9-890e-12adccbbf327,comfort,high
178b0293-97db-4b0f-a078-89734ce31afa,wifi_speed,low
178b0293-97db-4b0f-a078-89734ce31afa,comfort,low
178b0293-97db-4b0f-a078-89734ce31afa,service,medium
178b0293-97db-4b0f-a078-89734ce31afa,ambience,low
8ae4fd51-9d41-4a68-807b-22fd608cbd8f,comfort,low
8ae4fd51-9d41-4a68-807b-22fd608cbd8f,wifi_speed,high
8ae4fd51-9d41-4a68-807b-22fd608cbd8f,cleanliness,high
dcf2d428-270a-42ee-b72e-d06796d44aa3,comfort,high
dcf2d428-270a-42ee-b72e-d06796d44aa3,wifi_speed,high
dcf2d428-270a-42ee-b72e-d06796d44aa3,cleanliness,medium
373c2011-50f4-4458-a7c1-e2fac10ec59d,ambience,high
373c2011-50f4-4458-a7c1-e2fac10ec59d,wifi_speed,high
373c2011-50f4-4458-a7c1-e2fac10ec59d,service,low
49cadec5-cf71-412b-b483-573d73eef535,comfort,low
49cadec5-cf71-412b-b483-573d73eef535,service,medium
49cadec5-cf71-412b-b483-573d73eef535,wifi_speed,high
49cadec5-cf71-412b-b483-573d73eef535,ambience,low
49cadec5-cf71-412b-b483-573d73eef535,cleanliness,medium
030cebe3-7447-40e5-93fd-6ceebf0536b9,service,high
030cebe3-7447-40e5-93fd-6ceebf0536b9,ambience,medium
47636f3a-71e3-4006-ae73-2d1dacd807ac,service,high
47636f3a-71e3-4006-ae73-2d1dacd807ac,ambience,high
47636f3a-71e3-4006-ae73-2d1dacd807ac,wifi_speed,high
47636f3a-71e3-4006-ae73-2d1dacd807ac,comfort,low
c6a4e87b-dc41-4f5a-9ad8-d68dfc800e9e,cleanliness,medium
c6a4e87b-dc41-4f5a-9ad8-d68dfc800e9e,service,low
c6a4e87b-dc41-4f5a-9ad8-d68dfc800e9e,wifi_speed,medium
e7746d51-f69f-436b-8176-092f0e7cd74b,comfort,high
e7746d51-f69f-436b-8176-092f0e7cd74b,wifi_speed,medium
e7746d51-f69f-436b-8176-092f0e7cd74b,ambience,high
e7746d51-f69f-436b-8176-092f0e7cd74b,cleanliness,medium
e7746d51-f69f-436b-8176-092f0e7cd74b,service,medium
095c102b-0d1d-4d65-9dfd-3d52e0df8497,comfort,low
095c102b-0d1d-4d65-9dfd-3d52e0df8497,cleanliness,low
095c102b-0d1d-4d65-9dfd-3d52e0df8497,ambience,low
095c102b-0d1d-4d65-9dfd-3d52e0df8497,wifi_speed,low
095c102b-0d1d-4d65-9dfd-3d52e0df8497,service,low
bfcc7fd2-ff06-4f24-a83a-b18bbc4f0e9f,comfort,medium
bfcc7fd2-ff06-4f24-a83a-b18bbc4f0e9f,cleanliness,low
bfcc7fd2-ff06-4f24-a83a-b18bbc4f0e9f,service,medium
bfcc7fd2-ff06-4f24-a83a-b18bbc4f0e9f,ambience,low
60de8be0-dc80-4821-a705-781923f2bbd9,ambience,low
60de8be0-dc80-4821-a705-781923f2bbd9,comfort,medium
60de8be0-dc80-4821-a705-781923f2bbd9,service,high
60de8be0-dc80-4821-a705-781923f2bbd9,cleanliness,medium
60de8be0-dc80-4821-a705-781923f2bbd9,wifi_speed,medium
eeb58a24-b1c7-481a-8ec2-9d60d9ec3292,ambience,high
eeb58a24-b1c7-481a-8ec2-9d60d9ec3292,cleanliness,medium
eeb58a24-b1c7-481a-8ec2-9d60d9ec3292,comfort,medium
eeb58a24-b1c7-481a-8ec2-9d60d9ec3292,wifi_speed,low
eeb58a24-b1c7-481a-8ec2-9d60d9ec3292,service,medium
1fa67b80-203f-4b63-9792-fb1f23acf2e0,cleanliness,medium
1fa67b80-203f-4b63-9792-fb1f23acf2e0,wifi_speed,low
1fa67b80-203f-4b63-9792-fb1f23acf2e0,comfort,low
e2a9adba-29c4-4224-bd81-fabc5bc08a6c,service,low
e2a9adba-29c4-4224-bd81-fabc5bc08a6c,cleanliness,low
e2a9adba-29c4-4224-bd81-fabc5bc08a6c,comfort,medium
e2a9adba-29c4-4224-bd81-fabc5bc08a6c,wifi_speed,low
e2a9adba-29c4-4224-bd81-fabc5bc08a6c,ambience,high
63510f69-0412-4746-85db-12004a1dfd41,comfort,low
63510f69-0412-4746-85db-12004a1dfd41,wifi_speed,low
63510f69-0412-4746-85db-12004a1dfd41,ambience,low
0ff933a1-47f3-439f-a379-2bb8095ab1f3,comfort,low
0ff933a1-47f3-439f-a379-2bb8095ab1f3,wifi_speed,medium
0ff933a1-47f3-439f-a379-2bb8095ab1f3,cleanliness,low
22590daf-48d5-4b50-83e1-92c6de5884be,ambience,medium
22590daf-48d5-4b50-83e1-92c6de5884be,service,low
1bc17cf7-7e55-40b6-a20d-2e4399bbb542,service,high
1bc17cf7-7e55-40b6-a20d-2e4399bbb542,ambience,low
1bc17cf7-7e55-40b6-a20d-2e4399bbb542,cleanliness,low
5b68ffb9-a9f9-4420-abcc-15e6ce040872,ambience,medium
5b68ffb9-a9f9-4420-abcc-15e6ce040872,cleanliness,medium
5b68ffb9-a9f9-4420-abcc-15e6ce040872,wifi_speed,medium
5071f216-e915-467c-83dc-162692dc2b0a,ambience,high
5071f216-e915-467c-83dc-162692dc2b0a,comfort,medium
5071f216-e915-467c-83dc-162692dc2b0a,cleanliness,low
5071f216-e915-467c-83dc-162692dc2b0a,wifi_speed,medium
4cddf135-7c82-4774-b717-d9476f37f967,service,high
4cddf135-7c82-4774-b717-d9476f37f967,ambience,medium
4cddf135-7c82-4774-b717-d9476f37f967,comfort,low
03f4220e-c349-4a0c-96b2-e890191d58eb,comfort,high
03f4220e-c349-4a0c-96b2-e890191d58eb,service,medium
03f4220e-c349-4a0c-96b2-e890191d58eb,wifi_speed,medium
03f4220e-c349-4a0c-96b2-e890191d58eb,cleanliness,high
03f4220e-c349-4a0c-96b2-e890191d58eb,ambience,high
2c097837-2e16-407c-b978-0adc1c2db9e5,cleanliness,medium
2c097837-2e16-407c-b978-0adc1c2db9e5,comfort,medium
4cfccc3b-35bd-4205-9c06-45a08d48caf6,comfort,medium
4cfccc3b-35bd-4205-9c06-45a08d48caf6,ambience,high
4cfccc3b-35bd-4205-9c06-45a08d48caf6,cleanliness,medium
fcae3749-b3b2-463b-9962-ca609d39a0b2,cleanliness,high
fcae3749-b3b2-463b-9962-ca609d39a0b2,wifi_speed,medium
fcae3749-b3b2-463b-9962-ca609d39a0b2,service,medium
fcae3749-b3b2-463b-9962-ca609d39a0b2,comfort,low
582d5a8a-3252-42cf-8fdb-946c3434ab6a,cleanliness,medium
582d5a8a-3252-42cf-8fdb-946c3434ab6a,wifi_speed,high
582d5a8a-3252-42cf-8fdb-946c3434ab6a,ambience,low
c94eb131-3bcc-476f-8232-9fc949054d21,service,high
c94eb131-3bcc-476f-8232-9fc949054d21,cleanliness,low
c94eb131-3bcc-476f-8232-9fc949054d21,wifi_speed,low
c94eb131-3bcc-476f-8232-9fc949054d21,comfort,high
c94eb131-3bcc-476f-8232-9fc949054d21,ambience,high
e2fd267f-0975-4dc5-befb-447c727be626,comfort,medium
e2fd267f-0975-4dc5-befb-447c727be626,service,low
ff59c572-3731-4ead-9ea5-4ce3e15f75ef,comfort,medium
ff59c572-3731-4ead-9ea5-4ce3e15f75ef,cleanliness,medium
ff59c572-3731-4ead-9ea5-4ce3e15f75ef,wifi_speed,high
ff59c572-3731-4ead-9ea5-4ce3e15f75ef,ambience,low
d02cca60-df0d-4504-a979-323de6e22958,ambience,medium
d02cca60-df0d-4504-a979-323de6e22958,cleanliness,high
d02cca60-df0d-4504-a979-323de6e22958,comfort,high
d02cca60-df0d-4504-a979-323de6e22958,wifi_speed,medium
d6ee688e-ed66-4b92-b4a8-c1fca0dd946e,ambience,high
d6ee688e-ed66-4b92-b4a8-c1fca0dd946e,wifi_speed,medium
d6ee688e-ed66-4b92-b4a8-c1fca0dd946e,comfort,high
d6ee688e-ed66-4b92-b4a8-c1fca0dd946e,service,high
45b20948-d658-4908-814c-c8db312eed05,cleanliness,low
45b20948-d658-4908-814c-c8db312eed05,wifi_speed,medium
45b20948-d658-4908-814c-c8db312eed05,service,medium
45b20948-d658-4908-814c-c8db312eed05,comfort,medium
45b20948-d658-4908-814c-c8db312eed05,ambience,medium
31ff9a47-89ac-4168-b128-b24f2d81ab99,ambience,low
31ff9a47-89ac-4168-b128-b24f2d81ab99,wifi_speed,low
31ff9a47-89ac-4168-b128-b24f2d81ab99,cleanliness,high
31ff9a47-89ac-4168-b128-b24f2d81ab99,service,low
db53d5b3-4257-41e0-8a7d-bef1cd5aa2f9,ambience,medium
db53d5b3-4257-41e0-8a7d-bef1cd5aa2f9,wifi_speed,medium
96adcf79-ea56-431c-bbbe-e0e0ffcb40d2,wifi_speed,medium
96adcf79-ea56-431c-bbbe-e0e0ffcb40d2,ambience,medium
96adcf79-ea56-431c-bbbe-e0e0ffcb40d2,cleanliness,medium
96adcf79-ea56-431c-bbbe-e0e0ffcb40d2,service,high
b5414a38-888c-4610-87ee-1d9bc86ef2a5,comfort,low
b5414a38-888c-4610-87ee-1d9bc86ef2a5,ambience,medium
b5414a38-888c-4610-87ee-1d9bc86ef2a5,wifi_speed,low
68574b6d-134c-448b-8c6f-d9055f6fe133,cleanliness,high
68574b6d-134c-448b-8c6f-d9055f6fe133,service,low
68574b6d-134c-448b-8c6f-d9055f6fe133,ambience,medium
68574b6d-134c-448b-8c6f-d9055f6fe133,comfort,low
d7f593bc-24f4-4da7-8eb3-695c6cb6bee8,wifi_speed,high
d7f593bc-24f4-4da7-8eb3-695c6cb6bee8,cleanliness,low
8b6c196e-460c-441a-b45e-7d00efe253a9,service,medium
8b6c196e-460c-441a-b45e-7d00efe253a9,comfort,high
8b6c196e-460c-441a-b45e-7d00efe253a9,wifi_speed,low
3531aaa8-66df-4555-9624-141e8c87e04b,service,high
3531aaa8-66df-4555-9624-141e8c87e04b,cleanliness,low
3531aaa8-66df-4555-9624-141e8c87e04b,ambience,medium
3531aaa8-66df-4555-9624-141e8c87e04b,comfort,medium
3531aaa8-66df-4555-9624-141e8c87e04b,wifi_speed,high
22cce7ce-67a1-4ef6-95a3-716ab9cc30ea,wifi_speed,high
22cce7ce-67a1-4ef6-95a3-716ab9cc30ea,cleanliness,medium
22cce7ce-67a1-4ef6-95a3-716ab9cc30ea,ambience,medium
68597589-dcab-47d9-a8ca-44245c632a85,service,medium
68597589-dcab-47d9-a8ca-44245c632a85,wifi_speed,medium
3f16e30a-1e20-435b-b92b-69c87531a2f5,comfort,high
3f16e30a-1e20-435b-b92b-69c87531a2f5,cleanliness,high
3f16e30a-1e20-435b-b92b-69c87531a2f5,ambience,high
a7c59825-2814-49b4-b74f-7a069f0ea179,cleanliness,low
a7c59825-2814-49b4-b74f-7a069f0ea179,wifi_speed,low
ccbf97d7-46a9-4b43-9a45-e352555665da,comfort,high
ccbf97d7-46a9-4b43-9a45-e352555665da,cleanliness,low
ccbf97d7-46a9-4b43-9a45-e352555665da,ambience,low
ccbf97d7-46a9-4b43-9a45-e352555665da,wifi_speed,medium
ccbf97d7-46a9-4b43-9a45-e352555665da,service,high
1c86dfca-cde9-433f-a994-4021c74f1f41,ambience,low
1c86dfca-cde9-433f-a994-4021c74f1f41,cleanliness,high
edbc2787-812a-4327-8992-0942efb6d8bb,comfort,high
edbc2787-812a-4327-8992-0942efb6d8bb,cleanliness,medium
edbc2787-812a-4327-8992-0942efb6d8bb,wifi_speed,medium
22d98361-2ab7-4130-bf6f-d8b3d1560f8e,ambience,medium
22d98361-2ab7-4130-bf6f-d8b3d1560f8e,cleanliness,high
22d98361-2ab7-4130-bf6f-d8b3d1560f8e,service,low
b0fb7ab1-42b0-4844-8895-1eb4a540e56f,service,high
b0fb7ab1-42b0-4844-8895-1eb4a540e56f,cleanliness,low
b0fb7ab1-42b0-4844-8895-1eb4a540e56f,ambience,medium
b0fb7ab1-42b0-4844-8895-1eb4a540e56f,comfort,medium
56cc5bf3-67fe-44cd-a10f-b46213b4dc90,ambience,high
56cc5bf3-67fe-44cd-a10f-b46213b4dc90,comfort,high
bf0a5c47-1363-4f68-ac6a-e5a205c19737,ambience,high
bf0a5c47-1363-4f68-ac6a-e5a205c19737,comfort,medium
bf0a5c47-1363-4f68-ac6a-e5a205c19737,wifi_speed,medium
84ec6358-b4fb-4fdd-90b9-02446624cf44,ambience,high
84ec6358-b4fb-4fdd-90b9-02446624cf44,service,low
84ec6358-b4fb-4fdd-90b9-02446624cf44,comfort,medium
84ec6358-b4fb-4fdd-90b9-02446624cf44,wifi_speed,low
84ec6358-b4fb-4fdd-90b9-02446624cf44,cleanliness,high
221f0e27-eac9-4f0d-8cfd-a81e0b327e33,comfort,medium
221f0e27-eac9-4f0d-8cfd-a81e0b327e33,wifi_speed,low
d78d44ce-2d01-46fb-b99b-c5ef9d4b9fee,cleanliness,medium
d78d44ce-2d01-46fb-b99b-c5ef9d4b9fee,service,high
d78d44ce-2d01-46fb-b99b-c5ef9d4b9fee,ambience,high
d78d44ce-2d01-46fb-b99b-c5ef9d4b9fee,comfort,high
2d7e7058-f41a-41c4-88e3-f208d022c921,ambience,low
2d7e7058-f41a-41c4-88e3-f208d022c921,comfort,high
1c465004-4fd7-41e1-8b37-04ac159f5b74,cleanliness,low
1c465004-4fd7-41e1-8b37-04ac159f5b74,comfort,low
1c465004-4fd7-41e1-8b37-04ac159f5b74,service,low
1c465004-4fd7-41e1-8b37-04ac159f5b74,wifi_speed,high
c56304c4-4833-4b4d-835d-fe5878a17706,wifi_speed,high
c56304c4-4833-4b4d-835d-fe5878a17706,service,high
c56304c4-4833-4b4d-835d-fe5878a17706,ambience,high
112136e8-7261-47ba-84f0-9cbe499c54d0,cleanliness,high
112136e8-7261-47ba-84f0-9cbe499c54d0,comfort,low
112136e8-7261-47ba-84f0-9cbe499c54d0,ambience,high
112136e8-7261-47ba-84f0-9cbe499c54d0,wifi_speed,low
112136e8-7261-47ba-84f0-9cbe499c54d0,service,medium
57706818-c7e4-4148-9ef5-283bcda8f14d,service,low
57706818-c7e4-4148-9ef5-283bcda8f14d,ambience,high
57706818-c7e4-4148-9ef5-283bcda8f14d,cleanliness,low
9c4eb0b8-ef4c-43f2-ad05-cb43e400d3da,ambience,medium
9c4eb0b8-ef4c-43f2-ad05-cb43e400d3da,cleanliness,low
9c4eb0b8-ef4c-43f2-ad05-cb43e400d3da,wifi_speed,low
c9f987a7-2fa5-41a7-b598-fe446648208e,service,medium
c9f987a7-2fa5-41a7-b598-fe446648208e,ambience,low
9b76f009-e423-4f01-aab1-6d93c1c7da93,wifi_speed,high
9b76f009-e423-4f01-aab1-6d93c1c7da93,ambience,low
9b76f009-e423-4f01-aab1-6d93c1c7da93,comfort,high
9b76f009-e423-4f01-aab1-6d93c1c7da93,service,medium
9b76f009-e423-4f01-aab1-6d93c1c7da93,cleanliness,medium
0536a66d-38af-4872-ac5e-d820b9a22aaf,comfort,high
0536a66d-38af-4872-ac5e-d820b9a22aaf,service,medium
0536a66d-38af-4872-ac5e-d820b9a22aaf,wifi_speed,low
0536a66d-38af-4872-ac5e-d820b9a22aaf,ambience,high
16403900-6b62-4dc2-805a-4cf8f2776809,ambience,low
16403900-6b62-4dc2-805a-4cf8f2776809,cleanliness,medium
79ca316a-14dd-41a3-b68a-7377ad5c2456,comfort,medium
79ca316a-14dd-41a3-b68a-7377ad5c2456,wifi_speed,low
79ca316a-14dd-41a3-b68a-7377ad5c2456,service,low
3ec96049-4dc6-4a93-be97-64503878210a,comfort,low
3ec96049-4dc6-4a93-be97-64503878210a,service,high
3ec96049-4dc6-4a93-be97-64503878210a,ambience,medium
3ec96049-4dc6-4a93-be97-64503878210a,cleanliness,medium
3ec96049-4dc6-4a93-be97-64503878210a,wifi_speed,high
61999a7a-656a-4c00-ab1f-9aa09ae7276d,comfort,high
61999a7a-656a-4c00-ab1f-9aa09ae7276d,wifi_speed,high
3bce6fce-9354-4845-8724-c0f3d7fb1537,service,medium
3bce6fce-9354-4845-8724-c0f3d7fb1537,comfort,high
3bce6fce-9354-4845-8724-c0f3d7fb1537,wifi_speed,high
3bce6fce-9354-4845-8724-c0f3d7fb1537,ambience,high
920ca2b8-51bf-4334-83c2-9a8844e1dca5,cleanliness,low
920ca2b8-51bf-4334-83c2-9a8844e1dca5,ambience,medium
920ca2b8-51bf-4334-83c2-9a8844e1dca5,wifi_speed,low
920ca2b8-51bf-4334-83c2-9a8844e1dca5,comfort,medium
ec8bb14c-128b-42ea-b588-b5a26524a4ae,cleanliness,low
ec8bb14c-128b-42ea-b588-b5a26524a4ae,ambience,medium
ec8bb14c-128b-42ea-b588-b5a26524a4ae,wifi_speed,medium
d832e29d-c8e7-4446-a69a-20161d863444,service,medium
d832e29d-c8e7-4446-a69a-20161d863444,wifi_speed,low
24246fe7-3fe1-48aa-af39-288ca599cf8d,wifi_speed,high
24246fe7-3fe1-48aa-af39-288ca599cf8d,service,medium
24246fe7-3fe1-48aa-af39-288ca599cf8d,cleanliness,low
4adb0f25-6b84-4b2d-8e96-777fa570f193,wifi_speed,low
4adb0f25-6b84-4b2d-8e96-777fa570f193,cleanliness,high
4adb0f25-6b84-4b2d-8e96-777fa570f193,ambience,high
4adb0f25-6b84-4b2d-8e96-777fa570f193,comfort,high
4adb0f25-6b84-4b2d-8e96-777fa570f193,service,high
0e0eeb4f-7bd1-42a8-9e3b-22a5fca8067d,cleanliness,high
0e0eeb4f-7bd1-42a8-9e3b-22a5fca8067d,comfort,medium
1b9d55e2-e252-4b96-817b-4afae0a26dd3,wifi_speed,medium
1b9d55e2-e252-4b96-817b-4afae0a26dd3,ambience,medium
1b9d55e2-e252-4b96-817b-4afae0a26dd3,service,low
1b9d55e2-e252-4b96-817b-4afae0a26dd3,comfort,high
1b9d55e2-e252-4b96-817b-4afae0a26dd3,cleanliness,medium
71e38523-0951-4d3f-bb42-62741e3cc4d7,comfort,low
71e38523-0951-4d3f-bb42-62741e3cc4d7,wifi_speed,medium
085ed856-3efe-472e-a7b4-1ab42e27bb29,cleanliness,medium
085ed856-3efe-472e-a7b4-1ab42e27bb29,service,medium
085ed856-3efe-472e-a7b4-1ab42e27bb29,comfort,medium
aace3487-fcea-4969-a9a9-73cedf17aa83,ambience,low
aace3487-fcea-4969-a9a9-73cedf17aa83,cleanliness,medium
aace3487-fcea-4969-a9a9-73cedf17aa83,service,low
aace3487-fcea-4969-a9a9-73cedf17aa83,comfort,low
38c974e8-248a-4166-b20d-68fea45b0404,ambience,medium
38c974e8-248a-4166-b20d-68fea45b0404,comfort,low
7d7e4a7d-da4a-4ea3-8d9b-f0885d0e3f42,wifi_speed,high
7d7e4a7d-da4a-4ea3-8d9b-f0885d0e3f42,ambience,medium
7d7e4a7d-da4a-4ea3-8d9b-f0885d0e3f42,cleanliness,high
7d7e4a7d-da4a-4ea3-8d9b-f0885d0e3f42,service,low
f5ff5876-fea4-42e4-9eb1-0c4bd7c70e7b,ambience,medium
f5ff5876-fea4-42e4-9eb1-0c4bd7c70e7b,cleanliness,high
f5ff5876-fea4-42e4-9eb1-0c4bd7c70e7b,service,low
cd0432af-7120-4b41-90c3-2f6dc478f0ae,wifi_speed,high
cd0432af-7120-4b41-90c3-2f6dc478f0ae,comfort,medium
82daf19a-e26f-4847-beee-b0e09dcf26f0,comfort,medium
82daf19a-e26f-4847-beee-b0e09dcf26f0,wifi_speed,low
82daf19a-e26f-4847-beee-b0e09dcf26f0,cleanliness,low
e9df2642-f52a-4374-9715-fb53588250e7,service,low
e9df2642-f52a-4374-9715-fb53588250e7,ambience,low
14d00e78-83c9-4483-8cb4-ec933ba97e73,wifi_speed,medium
14d00e78-83c9-4483-8cb4-ec933ba97e73,ambience,medium
d6c168c6-b170-4469-9d23-21c6adfbcc06,ambience,low
d6c168c6-b170-4469-9d23-21c6adfbcc06,wifi_speed,low
8ffb8558-e772-41d1-8b2d-718d9bd08b7a,comfort,low
8ffb8558-e772-41d1-8b2d-718d9bd08b7a,wifi_speed,high
8ffb8558-e772-41d1-8b2d-718d9bd08b7a,service,high
8ffb8558-e772-41d1-8b2d-718d9bd08b7a,cleanliness,medium
8ffb8558-e772-41d1-8b2d-718d9bd08b7a,ambience,low
1a6ed774-fb0a-413a-904f-58cfa55555b2,comfort,medium
1a6ed774-fb0a-413a-904f-58cfa55555b2,service,low
1a6ed774-fb0a-413a-904f-58cfa55555b2,cleanliness,high
1a6ed774-fb0a-413a-904f-58cfa55555b2,wifi_speed,high
1a6ed774-fb0a-413a-904f-58cfa55555b2,ambience,medium
f1bc4e93-cc7a-4c7c-badb-35929afdce79,ambience,low
f1bc4e93-cc7a-4c7c-badb-35929afdce79,service,high
a0ce4871-e254-4d08-8fda-c4958fc56f56,service,medium
a0ce4871-e254-4d08-8fda-c4958fc56f56,ambience,low
d12b851d-54d4-4a78-a40c-764fea7449d0,ambience,high
d12b851d-54d4-4a78-a40c-764fea7449d0,comfort,medium
15059294-2c97-40d8-a7b1-b1d4f76d27a8,cleanliness,medium
15059294-2c97-40d8-a7b1-b1d4f76d27a8,comfort,high
c76b5621-23bc-4c1f-9df3-b5345ded89d4,cleanliness,high
c76b5621-23bc-4c1f-9df3-b5345ded89d4,wifi_speed,medium
6a1c0d02-6495-4f9a-9abe-339c96c9d34b,cleanliness,high
6a1c0d02-6495-4f9a-9abe-339c96c9d34b,service,medium
4ebd505b-a93b-4bcb-ac03-f3be85589226,ambience,medium
4ebd505b-a93b-4bcb-ac03-f3be85589226,comfort,medium
4ebd505b-a93b-4bcb-ac03-f3be85589226,wifi_speed,low
4ebd505b-a93b-4bcb-ac03-f3be85589226,service,medium
4ebd505b-a93b-4bcb-ac03-f3be85589226,cleanliness,low
f126ea1e-dbd2-4a7e-b8df-ceb35fe274cc,cleanliness,low
f126ea1e-dbd2-4a7e-b8df-ceb35fe274cc,comfort,low
f126ea1e-dbd2-4a7e-b8df-ceb35fe274cc,ambience,medium
f126ea1e-dbd2-4a7e-b8df-ceb35fe274cc,wifi_speed,medium
9525be19-af11-4c2f-938c-1b27c8ec9f3d,ambience,low
9525be19-af11-4c2f-938c-1b27c8ec9f3d,service,medium
9525be19-af11-4c2f-938c-1b27c8ec9f3d,comfort,medium
9525be19-af11-4c2f-938c-1b27c8ec9f3d,wifi_speed,medium
9525be19-af11-4c2f-938c-1b27c8ec9f3d,cleanliness,medium
a3462c5e-6ce8-4b83-9dc6-d45f02eda6e4,ambience,medium
a3462c5e-6ce8-4b83-9dc6-d45f02eda6e4,wifi_speed,high
a3462c5e-6ce8-4b83-9dc6-d45f02eda6e4,service,medium
a3462c5e-6ce8-4b83-9dc6-d45f02eda6e4,cleanliness,high
fb7718d3-35a0-4b05-b5ad-23c1d830b50c,ambience,medium
fb7718d3-35a0-4b05-b5ad-23c1d830b50c,service,low
fb7718d3-35a0-4b05-b5ad-23c1d830b50c,cleanliness,medium
fb7718d3-35a0-4b05-b5ad-23c1d830b50c,comfort,low
fb7718d3-35a0-4b05-b5ad-23c1d830b50c,wifi_speed,low
650ed5f0-b496-467a-9177-00a5edbec06b,comfort,high
650ed5f0-b496-467a-9177-00a5edbec06b,ambience,medium
650ed5f0-b496-467a-9177-00a5edbec06b,service,high
650ed5f0-b496-467a-9177-00a5edbec06b,wifi_speed,low
650ed5f0-b496-467a-9177-00a5edbec06b,cleanliness,high
ee7729d2-bb69-4cd2-9d69-5415a571d7a7,ambience,high
ee7729d2-bb69-4cd2-9d69-5415a571d7a7,comfort,low
f3a4e34d-a7f7-4500-84ad-2fe964fdbd18,wifi_speed,high
f3a4e34d-a7f7-4500-84ad-2fe964fdbd18,service,medium
f3a4e34d-a7f7-4500-84ad-2fe964fdbd18,ambience,medium
007d8caf-b0dc-4fbd-b99c-aaccc6876099,comfort,low
007d8caf-b0dc-4fbd-b99c-aaccc6876099,service,medium
007d8caf-b0dc-4fbd-b99c-aaccc6876099,ambience,high
007d8caf-b0dc-4fbd-b99c-aaccc6876099,wifi_speed,low
8ae2642c-7bf1-404a-8198-d7a2c0575cce,wifi_speed,low
8ae2642c-7bf1-404a-8198-d7a2c0575cce,comfort,medium
8ae2642c-7bf1-404a-8198-d7a2c0575cce,ambience,low
8fa38209-78cb-4cb6-83ac-d815d7e4aa96,wifi_speed,medium
8fa38209-78cb-4cb6-83ac-d815d7e4aa96,ambience,medium
8fa38209-78cb-4cb6-83ac-d815d7e4aa96,service,high
8fa38209-78cb-4cb6-83ac-d815d7e4aa96,cleanliness,high
8fa38209-78cb-4cb6-83ac-d815d7e4aa96,comfort,medium
6f9873f0-e305-4710-8bf9-2f8a7088189d,cleanliness,high
6f9873f0-e305-4710-8bf9-2f8a7088189d,comfort,high
6f9873f0-e305-4710-8bf9-2f8a7088189d,wifi_speed,low
3a63c981-3fee-40eb-b054-fc2b9dc49a48,wifi_speed,medium
3a63c981-3fee-40eb-b054-fc2b9dc49a48,service,medium
3a63c981-3fee-40eb-b054-fc2b9dc49a48,ambience,low
f981a750-1032-4ca2-b135-0b6ea29fdf65,cleanliness,high
f981a750-1032-4ca2-b135-0b6ea29fdf65,ambience,low
f981a750-1032-4ca2-b135-0b6ea29fdf65,wifi_speed,low
f981a750-1032-4ca2-b135-0b6ea29fdf65,service,low
8ac6aff5-ed27-4a63-a9ca-008ab01393b5,cleanliness,high
8ac6aff5-ed27-4a63-a9ca-008ab01393b5,comfort,low
8ac6aff5-ed27-4a63-a9ca-008ab01393b5,wifi_speed,medium
0a9bfda1-a583-48c2-aa81-e184a289b3f2,cleanliness,medium
0a9bfda1-a583-48c2-aa81-e184a289b3f2,ambience,low
0a9bfda1-a583-48c2-aa81-e184a289b3f2,service,high
0a9bfda1-a583-48c2-aa81-e184a289b3f2,comfort,high
0a9bfda1-a583-48c2-aa81-e184a289b3f2,wifi_speed,low
4450ce43-8d68-4698-91ec-21f9f11cc2c3,service,high
4450ce43-8d68-4698-91ec-21f9f11cc2c3,wifi_speed,high
4450ce43-8d68-4698-91ec-21f9f11cc2c3,comfort,high
583d3b7b-ec29-49e7-a97b-a2a0f4489433,ambience,high
583d3b7b-ec29-49e7-a97b-a2a0f4489433,service,high
583d3b7b-ec29-49e7-a97b-a2a0f4489433,wifi_speed,high
583d3b7b-ec29-49e7-a97b-a2a0f4489433,comfort,high
fcf33f35-48dd-41fd-9081-47c2c94fb4ee,ambience,medium
fcf33f35-48dd-41fd-9081-47c2c94fb4ee,comfort,low
fcf33f35-48dd-41fd-9081-47c2c94fb4ee,service,medium
fcf33f35-48dd-41fd-9081-47c2c94fb4ee,cleanliness,high
fcf33f35-48dd-41fd-9081-47c2c94fb4ee,wifi_speed,high
58a11088-c56c-4805-8121-29699adcf0a3,service,medium
58a11088-c56c-4805-8121-29699adcf0a3,comfort,low
58a11088-c56c-4805-8121-29699adcf0a3,wifi_speed,low
58a11088-c56c-4805-8121-29699adcf0a3,cleanliness,medium
2f54752b-64a3-44f9-8bce-98a0d60b025c,cleanliness,high
2f54752b-64a3-44f9-8bce-98a0d60b025c,wifi_speed,low
2f54752b-64a3-44f9-8bce-98a0d60b025c,comfort,high
c96d1194-8051-42d6-9056-6d235287d1e8,cleanliness,medium
c96d1194-8051-42d6-9056-6d235287d1e8,service,medium
6be5cfbe-5b90-401f-a011-efac18a4201c,comfort,medium
6be5cfbe-5b90-401f-a011-efac18a4201c,wifi_speed,high
6be5cfbe-5b90-401f-a011-efac18a4201c,ambience,medium
de55fc58-0a8d-4d1b-b8cb-8b1952ebb379,service,high
de55fc58-0a8d-4d1b-b8cb-8b1952ebb379,comfort,high
de55fc58-0a8d-4d1b-b8cb-8b1952ebb379,wifi_speed,low
de55fc58-0a8d-4d1b-b8cb-8b1952ebb379,cleanliness,medium
87c8457e-75cb-40e3-b66e-c91a52618849,cleanliness,low
87c8457e-75cb-40e3-b66e-c91a52618849,ambience,medium
87c8457e-75cb-40e3-b66e-c91a52618849,comfort,high
87c8457e-75cb-40e3-b66e-c91a52618849,wifi_speed,high
815077bc-adc4-4aac-ac09-99da36d3e71a,comfort,medium
815077bc-adc4-4aac-ac09-99da36d3e71a,cleanliness,low
815077bc-adc4-4aac-ac09-99da36d3e71a,service,high
36e07ce2-3200-4536-86e8-d2474ea5d08a,ambience,low
36e07ce2-3200-4536-86e8-d2474ea5d08a,wifi_speed,medium
36e07ce2-3200-4536-86e8-d2474ea5d08a,cleanliness,medium
f5105c43-8b3d-48cf-ac30-10884785b902,service,medium
f5105c43-8b3d-48cf-ac30-10884785b902,ambience,high
f5105c43-8b3d-48cf-ac30-10884785b902,comfort,low
f5105c43-8b3d-48cf-ac30-10884785b902,cleanliness,low
f5105c43-8b3d-48cf-ac30-10884785b902,wifi_speed,high
19cf4b3c-12db-41c0-8991-240106cb8871,wifi_speed,low
19cf4b3c-12db-41c0-8991-240106cb8871,ambience,high
5d9f817c-ffee-4222-a2d2-c8fcbdde53a6,cleanliness,medium
5d9f817c-ffee-4222-a2d2-c8fcbdde53a6,ambience,high
5d9f817c-ffee-4222-a2d2-c8fcbdde53a6,comfort,medium
5d9f817c-ffee-4222-a2d2-c8fcbdde53a6,wifi_speed,low
5d9f817c-ffee-4222-a2d2-c8fcbdde53a6,service,low
e1607b1d-25b7-46ee-bd45-0a3ab7d9f679,ambience,medium
e1607b1d-25b7-46ee-bd45-0a3ab7d9f679,wifi_speed,medium
e1607b1d-25b7-46ee-bd45-0a3ab7d9f679,comfort,high
e1607b1d-25b7-46ee-bd45-0a3ab7d9f679,cleanliness,high
e1607b1d-25b7-46ee-bd45-0a3ab7d9f679,service,low
d813e053-2417-4b10-83c9-a35bcdfc23c6,comfort,low
d813e053-2417-4b10-83c9-a35bcdfc23c6,cleanliness,low
d813e053-2417-4b10-83c9-a35bcdfc23c6,wifi_speed,low
2eaa0b64-1cb9-42ea-9e0f-27b81bb2c6fb,ambience,low
2eaa0b64-1cb9-42ea-9e0f-27b81bb2c6fb,cleanliness,high
2eaa0b64-1cb9-42ea-9e0f-27b81bb2c6fb,service,high
65864d49-e6bc-44e3-805c-3e7b43f3aac3,comfort,low
65864d49-e6bc-44e3-805c-3e7b43f3aac3,service,high
65864d49-e6bc-44e3-805c-3e7b43f3aac3,wifi_speed,medium
4db9ff2c-2509-422b-80b7-7c07507fbb33,service,medium
4db9ff2c-2509-422b-80b7-7c07507fbb33,ambience,medium
4db9ff2c-2509-422b-80b7-7c07507fbb33,comfort,medium
4db9ff2c-2509-422b-80b7-7c07507fbb33,cleanliness,high
c69d52db-ecdd-4ff4-8824-1d445cdefa9c,comfort,low
c69d52db-ecdd-4ff4-8824-1d445cdefa9c,wifi_speed,low
c69d52db-ecdd-4ff4-8824-1d445cdefa9c,cleanliness,low
c69d52db-ecdd-4ff4-8824-1d445cdefa9c,service,low
c69d52db-ecdd-4ff4-8824-1d445cdefa9c,ambience,high
6e3e7070-5036-4ac3-b59b-d5deee1cc461,comfort,high
6e3e7070-5036-4ac3-b59b-d5deee1cc461,service,medium
6e3e7070-5036-4ac3-b59b-d5deee1cc461,cleanliness,high
6e3e7070-5036-4ac3-b59b-d5deee1cc461,wifi_speed,low
58dc634f-63c6-421f-a5f2-c1b45a7ec0b6,wifi_speed,high
58dc634f-63c6-421f-a5f2-c1b45a7ec0b6,comfort,high
b120ab3c-e9fe-407b-8b4f-1645ceadf5c7,cleanliness,low
b120ab3c-e9fe-407b-8b4f-1645ceadf5c7,service,medium
b120ab3c-e9fe-407b-8b4f-1645ceadf5c7,wifi_speed,medium
c32d29de-eac5-450f-81a7-bc71d9ef8cc9,service,medium
c32d29de-eac5-450f-81a7-bc71d9ef8cc9,cleanliness,low
8d3b9e0a-a011-4ff7-a84b-6dcf0b5ebbd2,cleanliness,medium
8d3b9e0a-a011-4ff7-a84b-6dcf0b5ebbd2,comfort,medium
8d3b9e0a-a011-4ff7-a84b-6dcf0b5ebbd2,service,medium
8d3b9e0a-a011-4ff7-a84b-6dcf0b5ebbd2,wifi_speed,medium
8d3b9e0a-a011-4ff7-a84b-6dcf0b5ebbd2,ambience,low
c4b3c186-8413-4b12-af5c-2a8a6afac1a5,cleanliness,high
c4b3c186-8413-4b12-af5c-2a8a6afac1a5,ambience,low
c5b04b0f-1a5c-4ed6-92dd-a68155154fc4,ambience,medium
c5b04b0f-1a5c-4ed6-92dd-a68155154fc4,cleanliness,medium
c5b04b0f-1a5c-4ed6-92dd-a68155154fc4,service,low
42c6328b-1ebd-46e3-b434-715bcf5d8e70,service,high
42c6328b-1ebd-46e3-b434-715bcf5d8e70,wifi_speed,high
42c6328b-1ebd-46e3-b434-715bcf5d8e70,comfort,medium
42c6328b-1ebd-46e3-b434-715bcf5d8e70,ambience,high
42c6328b-1ebd-46e3-b434-715bcf5d8e70,cleanliness,low
5591f927-389d-464b-ab68-7e6b32bb43ba,wifi_speed,high
5591f927-389d-464b-ab68-7e6b32bb43ba,service,medium
5591f927-389d-464b-ab68-7e6b32bb43ba,cleanliness,low
5591f927-389d-464b-ab68-7e6b32bb43ba,comfort,low
5591f927-389d-464b-ab68-7e6b32bb43ba,ambience,high
2fff3a0d-979c-422c-8605-a29adf03d8e7,ambience,medium
2fff3a0d-979c-422c-8605-a29adf03d8e7,service,high
819a0a97-b8d9-4420-9b5e-2fc617425796,comfort,high
819a0a97-b8d9-4420-9b5e-2fc617425796,ambience,high
819a0a97-b8d9-4420-9b5e-2fc617425796,wifi_speed,low
819a0a97-b8d9-4420-9b5e-2fc617425796,service,medium
2a98b43e-8331-41f5-b652-5431c5ef88c3,service,low
2a98b43e-8331-41f5-b652-5431c5ef88c3,wifi_speed,high
2a98b43e-8331-41f5-b652-5431c5ef88c3,cleanliness,low
2a98b43e-8331-41f5-b652-5431c5ef88c3,ambience,medium
2a98b43e-8331-41f5-b652-5431c5ef88c3,comfort,high
cac36cf8-9bb4-42d8-b801-e2b8aadcf01a,service,low
cac36cf8-9bb4-42d8-b801-e2b8aadcf01a,ambience,high
cac36cf8-9bb4-42d8-b801-e2b8aadcf01a,cleanliness,low
cac36cf8-9bb4-42d8-b801-e2b8aadcf01a,comfort,medium
cac36cf8-9bb4-42d8-b801-e2b8aadcf01a,wifi_speed,medium
9257f7f2-c886-449c-9913-2d285a29cfa4,comfort,medium
9257f7f2-c886-449c-9913-2d285a29cfa4,service,low
1cbfaed7-600f-4a86-a996-d0187fc68be4,wifi_speed,low
1cbfaed7-600f-4a86-a996-d0187fc68be4,comfort,high
1cbfaed7-600f-4a86-a996-d0187fc68be4,cleanliness,high
1cbfaed7-600f-4a86-a996-d0187fc68be4,ambience,high
1cbfaed7-600f-4a86-a996-d0187fc68be4,service,medium
107a5742-4e3a-4560-94ff-99617b122e30,wifi_speed,low
107a5742-4e3a-4560-94ff-99617b122e30,ambience,low
107a5742-4e3a-4560-94ff-99617b122e30,cleanliness,low
107a5742-4e3a-4560-94ff-99617b122e30,service,low
107a5742-4e3a-4560-94ff-99617b122e30,comfort,low
de6c5c4c-aca4-404b-9a74-8b7e287d4d16,comfort,medium
de6c5c4c-aca4-404b-9a74-8b7e287d4d16,service,low
de6c5c4c-aca4-404b-9a74-8b7e287d4d16,cleanliness,medium
22134285-4fb5-4c96-bc49-1676ff39b1ef,service,low
22134285-4fb5-4c96-bc49-1676ff39b1ef,wifi_speed,low
22134285-4fb5-4c96-bc49-1676ff39b1ef,comfort,low
8e8702bc-6657-4cd0-bce9-a551abbc6188,cleanliness,high
8e8702bc-6657-4cd0-bce9-a551abbc6188,wifi_speed,medium
8e8702bc-6657-4cd0-bce9-a551abbc6188,ambience,high
9ef66aae-5f15-4a34-b1a0-291c39897a85,cleanliness,high
9ef66aae-5f15-4a34-b1a0-291c39897a85,wifi_speed,medium
9ef66aae-5f15-4a34-b1a0-291c39897a85,service,high
9ef66aae-5f15-4a34-b1a0-291c39897a85,comfort,medium
59350fa0-f9ad-40c8-8914-00422d25aab0,comfort,high
59350fa0-f9ad-40c8-8914-00422d25aab0,ambience,high
59350fa0-f9ad-40c8-8914-00422d25aab0,wifi_speed,high
59350fa0-f9ad-40c8-8914-00422d25aab0,service,low
59350fa0-f9ad-40c8-8914-00422d25aab0,cleanliness,high
4f31df18-4a64-4f5b-892e-d43427add5bd,ambience,high
4f31df18-4a64-4f5b-892e-d43427add5bd,cleanliness,high
4f31df18-4a64-4f5b-892e-d43427add5bd,comfort,medium
4f31df18-4a64-4f5b-892e-d43427add5bd,service,low
ff8b3246-d87c-452e-b11b-2c4c586f81e0,wifi_speed,high
ff8b3246-d87c-452e-b11b-2c4c586f81e0,service,high
ff8b3246-d87c-452e-b11b-2c4c586f81e0,cleanliness,high
ff8b3246-d87c-452e-b11b-2c4c586f81e0,ambience,low
d93c6fa2-ef14-42dd-a613-32f542b50ced,service,low
d93c6fa2-ef14-42dd-a613-32f542b50ced,ambience,high
d93c6fa2-ef14-42dd-a613-32f542b50ced,wifi_speed,low
d93c6fa2-ef14-42dd-a613-32f542b50ced,comfort,high
d93c6fa2-ef14-42dd-a613-32f542b50ced,cleanliness,high
93d7a6f9-d803-4e96-ae27-239a6249a516,cleanliness,medium
93d7a6f9-d803-4e96-ae27-239a6249a516,wifi_speed,medium
93d7a6f9-d803-4e96-ae27-239a6249a516,ambience,low
93d7a6f9-d803-4e96-ae27-239a6249a516,comfort,medium
2c1afdbf-ff80-4418-9203-0a3ed40e33af,ambience,high
2c1afdbf-ff80-4418-9203-0a3ed40e33af,cleanliness,low
e787a182-8332-4653-9a1b-1e2f6a0542cd,cleanliness,high
e787a182-8332-4653-9a1b-1e2f6a0542cd,service,high
e787a182-8332-4653-9a1b-1e2f6a0542cd,comfort,medium
e787a182-8332-4653-9a1b-1e2f6a0542cd,wifi_speed,low
ce28594f-d56d-4257-afd9-02e56e330bbc,ambience,high
ce28594f-d56d-4257-afd9-02e56e330bbc,service,medium
96bc56ef-b3b3-4368-bc8b-03b930c2739a,ambience,medium
96bc56ef-b3b3-4368-bc8b-03b930c2739a,service,high
96bc56ef-b3b3-4368-bc8b-03b930c2739a,cleanliness,low
96bc56ef-b3b3-4368-bc8b-03b930c2739a,wifi_speed,low
96bc56ef-b3b3-4368-bc8b-03b930c2739a,comfort,medium
5bde4053-0bf4-4403-bc13-8e2166a20b7b,comfort,medium
5bde4053-0bf4-4403-bc13-8e2166a20b7b,service,medium
5bde4053-0bf4-4403-bc13-8e2166a20b7b,ambience,high
94dc17b7-1231-4477-a986-e819b6849ca7,ambience,high
94dc17b7-1231-4477-a986-e819b6849ca7,comfort,high
94dc17b7-1231-4477-a986-e819b6849ca7,cleanliness,medium
94dc17b7-1231-4477-a986-e819b6849ca7,wifi_speed,high
c981eca2-b3bd-46e8-9d66-912ad3b4baa3,wifi_speed,low
c981eca2-b3bd-46e8-9d66-912ad3b4baa3,service,low
c981eca2-b3bd-46e8-9d66-912ad3b4baa3,cleanliness,high
c981eca2-b3bd-46e8-9d66-912ad3b4baa3,comfort,high
c981eca2-b3bd-46e8-9d66-912ad3b4baa3,ambience,high
7bcab167-4146-4dd1-90d2-60f5df3f85f2,ambience,low
7bcab167-4146-4dd1-90d2-60f5df3f85f2,service,low
7bcab167-4146-4dd1-90d2-60f5df3f85f2,wifi_speed,high
7bcab167-4146-4dd1-90d2-60f5df3f85f2,comfort,high
e00eba11-d93e-499d-b5b8-938c174b1094,wifi_speed,high
e00eba11-d93e-499d-b5b8-938c174b1094,comfort,low
e00eba11-d93e-499d-b5b8-938c174b1094,cleanliness,high
e00eba11-d93e-499d-b5b8-938c174b1094,ambience,low
ad32f589-af54-4bef-9cac-7dd78eff1a4c,wifi_speed,high
ad32f589-af54-4bef-9cac-7dd78eff1a4c,ambience,high
2da2f9ae-eb25-4b6a-a994-1ce7ed50d6c3,comfort,medium
2da2f9ae-eb25-4b6a-a994-1ce7ed50d6c3,cleanliness,high
2da2f9ae-eb25-4b6a-a994-1ce7ed50d6c3,service,low
2da2f9ae-eb25-4b6a-a994-1ce7ed50d6c3,wifi_speed,medium
866fa38a-b8a2-4b5a-b838-f43dac6faf60,comfort,medium
866fa38a-b8a2-4b5a-b838-f43dac6faf60,wifi_speed,high
866fa38a-b8a2-4b5a-b838-f43dac6faf60,ambience,high
866fa38a-b8a2-4b5a-b838-f43dac6faf60,service,low
6de91987-f28d-486c-b77d-49296f1b7261,service,high
6de91987-f28d-486c-b77d-49296f1b7261,ambience,medium
6de91987-f28d-486c-b77d-49296f1b7261,comfort,high
6de91987-f28d-486c-b77d-49296f1b7261,wifi_speed,high
4e6623da-8d08-4b46-8ab8-d05d9c04d246,ambience,high
4e6623da-8d08-4b46-8ab8-d05d9c04d246,comfort,high
4e6623da-8d08-4b46-8ab8-d05d9c04d246,service,medium
43a4404b-0173-4041-97ea-329816b22f0c,comfort,low
43a4404b-0173-4041-97ea-329816b22f0c,ambience,low
9cc3521d-9730-48d1-a47b-52ec216349f6,wifi_speed,low
9cc3521d-9730-48d1-a47b-52ec216349f6,service,high
9cc3521d-9730-48d1-a47b-52ec216349f6,comfort,medium
9cc3521d-9730-48d1-a47b-52ec216349f6,cleanliness,low
9cc3521d-9730-48d1-a47b-52ec216349f6,ambience,medium
d5ee4f79-ddab-4da1-9639-f528c95191d2,ambience,high
d5ee4f79-ddab-4da1-9639-f528c95191d2,cleanliness,medium
d5ee4f79-ddab-4da1-9639-f528c95191d2,wifi_speed,high
d5ee4f79-ddab-4da1-9639-f528c95191d2,comfort,medium
de3b0b12-0868-4fe1-a287-a804ed448eab,ambience,low
de3b0b12-0868-4fe1-a287-a804ed448eab,service,medium
de3b0b12-0868-4fe1-a287-a804ed448eab,wifi_speed,medium
de3b0b12-0868-4fe1-a287-a804ed448eab,comfort,low
de3b0b12-0868-4fe1-a287-a804ed448eab,cleanliness,medium
ba3337cb-32a1-4369-b983-c0f80292a238,comfort,low
ba3337cb-32a1-4369-b983-c0f80292a238,wifi_speed,medium
ba3337cb-32a1-4369-b983-c0f80292a238,cleanliness,high
ba3337cb-32a1-4369-b983-c0f80292a238,ambience,low
73d9cb0e-7841-4d07-a7ab-656469d619ce,ambience,medium
73d9cb0e-7841-4d07-a7ab-656469d619ce,wifi_speed,low
2a8f4800-0417-4cd7-9f16-b4f054b0a495,wifi_speed,high
2a8f4800-0417-4cd7-9f16-b4f054b0a495,ambience,medium
2a8f4800-0417-4cd7-9f16-b4f054b0a495,cleanliness,medium
2a8f4800-0417-4cd7-9f16-b4f054b0a495,service,high
2a8f4800-0417-4cd7-9f16-b4f054b0a495,comfort,high
4ab0612a-4830-4d4d-b15f-2856b29fc375,cleanliness,low
4ab0612a-4830-4d4d-b15f-2856b29fc375,ambience,high
4ab0612a-4830-4d4d-b15f-2856b29fc375,wifi_speed,low
4ab0612a-4830-4d4d-b15f-2856b29fc375,comfort,high
a43b5e1a-9117-4250-bf01-4d0cd3b259e1,cleanliness,medium
a43b5e1a-9117-4250-bf01-4d0cd3b259e1,wifi_speed,low
7f9dc567-2cba-401c-83fa-0749c67e7635,service,low
7f9dc567-2cba-401c-83fa-0749c67e7635,cleanliness,low
7f9dc567-2cba-401c-83fa-0749c67e7635,comfort,high
af48b166-0ced-4a58-b4b1-fe30e170a95d,ambience,low
af48b166-0ced-4a58-b4b1-fe30e170a95d,service,high
cec9b262-865c-4195-abbf-dbbe0b3b5995,service,low
cec9b262-865c-4195-abbf-dbbe0b3b5995,comfort,medium
cec9b262-865c-4195-abbf-dbbe0b3b5995,ambience,low
cec9b262-865c-4195-abbf-dbbe0b3b5995,cleanliness,low
f3384246-c93e-4344-9990-66043b717386,ambience,medium
f3384246-c93e-4344-9990-66043b717386,cleanliness,medium
f3384246-c93e-4344-9990-66043b717386,comfort,low
f3384246-c93e-4344-9990-66043b717386,wifi_speed,low
f3384246-c93e-4344-9990-66043b717386,service,high
835eead0-aa53-4299-a555-a4685eee31fb,service,medium
835eead0-aa53-4299-a555-a4685eee31fb,cleanliness,medium
d616e668-1993-4038-b9e4-acdcd1ee9cef,comfort,medium
d616e668-1993-4038-b9e4-acdcd1ee9cef,wifi_speed,medium
d616e668-1993-4038-b9e4-acdcd1ee9cef,cleanliness,high
d616e668-1993-4038-b9e4-acdcd1ee9cef,service,high
d616e668-1993-4038-b9e4-acdcd1ee9cef,ambience,medium
d38ce2f0-1de4-4a53-b02e-905c493d8c24,service,high
d38ce2f0-1de4-4a53-b02e-905c493d8c24,comfort,low
d38ce2f0-1de4-4a53-b02e-905c493d8c24,wifi_speed,low
d38ce2f0-1de4-4a53-b02e-905c493d8c24,ambience,medium
d38ce2f0-1de4-4a53-b02e-905c493d8c24,cleanliness,low
6cd246bc-1afe-41d2-a97a-e997acca18f0,ambience,high
6cd246bc-1afe-41d2-a97a-e997acca18f0,comfort,high
6cd246bc-1afe-41d2-a97a-e997acca18f0,service,medium
6cd246bc-1afe-41d2-a97a-e997acca18f0,wifi_speed,medium
6cd246bc-1afe-41d2-a97a-e997acca18f0,cleanliness,low
384f4f33-3b7d-4b8a-b7d9-4d05f8e4502f,comfort,medium
384f4f33-3b7d-4b8a-b7d9-4d05f8e4502f,ambience,high
3e42f7a2-88ea-4b9b-98d3-b7a2befc8558,comfort,low
3e42f7a2-88ea-4b9b-98d3-b7a2befc8558,ambience,high
3e42f7a2-88ea-4b9b-98d3-b7a2befc8558,service,low
9aa299b2-1c4c-4796-98c7-aa26bca40496,cleanliness,low
9aa299b2-1c4c-4796-98c7-aa26bca40496,comfort,low
9aa299b2-1c4c-4796-98c7-aa26bca40496,ambience,low
9aa299b2-1c4c-4796-98c7-aa26bca40496,wifi_speed,low
bc0f5d44-c64d-4d09-82b0-207de90d6ff1,ambience,high
bc0f5d44-c64d-4d09-82b0-207de90d6ff1,wifi_speed,medium
bc0f5d44-c64d-4d09-82b0-207de90d6ff1,cleanliness,high
bc0f5d44-c64d-4d09-82b0-207de90d6ff1,service,high
22f53ea0-106a-44b3-b922-7734596c12e9,comfort,low
22f53ea0-106a-44b3-b922-7734596c12e9,cleanliness,high
22f53ea0-106a-44b3-b922-7734596c12e9,ambience,medium
22f53ea0-106a-44b3-b922-7734596c12e9,wifi_speed,low
f776084a-0e52-4ae2-a0c8-0192a12a02b6,service,medium
f776084a-0e52-4ae2-a0c8-0192a12a02b6,ambience,low
0c17cde1-876a-48bb-ab55-3e656f317e5d,wifi_speed,medium
0c17cde1-876a-48bb-ab55-3e656f317e5d,cleanliness,medium
0c17cde1-876a-48bb-ab55-3e656f317e5d,ambience,high
0c17cde1-876a-48bb-ab55-3e656f317e5d,comfort,medium
0c17cde1-876a-48bb-ab55-3e656f317e5d,service,medium
edfffb38-a355-4705-a36f-469ba577c674,service,high
edfffb38-a355-4705-a36f-469ba577c674,wifi_speed,medium
edfffb38-a355-4705-a36f-469ba577c674,comfort,low
edfffb38-a355-4705-a36f-469ba577c674,cleanliness,low
8154fc79-cff7-4417-b0b9-f65bc90d3e56,ambience,low
8154fc79-cff7-4417-b0b9-f65bc90d3e56,comfort,medium
8154fc79-cff7-4417-b0b9-f65bc90d3e56,cleanliness,low
a352b52d-3968-4adf-893c-fddf13829ec1,ambience,low
a352b52d-3968-4adf-893c-fddf13829ec1,comfort,medium
a9356b5e-6f63-40a0-9889-f9dc8751f755,ambience,high
a9356b5e-6f63-40a0-9889-f9dc8751f755,service,high
a9356b5e-6f63-40a0-9889-f9dc8751f755,wifi_speed,high
a9356b5e-6f63-40a0-9889-f9dc8751f755,cleanliness,high
a9356b5e-6f63-40a0-9889-f9dc8751f755,comfort,high
df355920-461d-416d-ad1c-342af82e6632,wifi_speed,medium
df355920-461d-416d-ad1c-342af82e6632,comfort,low
df355920-461d-416d-ad1c-342af82e6632,ambience,low
18b8bf7e-b417-49cc-b1f7-653e22fddb4f,service,medium
18b8bf7e-b417-49cc-b1f7-653e22fddb4f,cleanliness,high
810cca02-1e36-42fd-b1f5-40618624895c,cleanliness,high
810cca02-1e36-42fd-b1f5-40618624895c,comfort,low
e72310e4-26f7-4866-8b22-398c49248f41,wifi_speed,medium
e72310e4-26f7-4866-8b22-398c49248f41,service,high
e72310e4-26f7-4866-8b22-398c49248f41,comfort,low
e72310e4-26f7-4866-8b22-398c49248f41,cleanliness,high
e72310e4-26f7-4866-8b22-398c49248f41,ambience,high
74110eb2-ab7e-4e6c-824d-da395b369be5,ambience,medium
74110eb2-ab7e-4e6c-824d-da395b369be5,cleanliness,low
af1038be-dd1f-4521-a24d-2dc4afdca73b,wifi_speed,low
af1038be-dd1f-4521-a24d-2dc4afdca73b,ambience,low
5cd4b098-5ec9-4f5e-95d3-a952210fbaea,comfort,low
5cd4b098-5ec9-4f5e-95d3-a952210fbaea,wifi_speed,high
5cd4b098-5ec9-4f5e-95d3-a952210fbaea,service,low
5cd4b098-5ec9-4f5e-95d3-a952210fbaea,cleanliness,high
5cd4b098-5ec9-4f5e-95d3-a952210fbaea,ambience,low
45ad794a-6c09-4602-bea0-cc38b2648e3f,service,high
45ad794a-6c09-4602-bea0-cc38b2648e3f,comfort,medium
45ad794a-6c09-4602-bea0-cc38b2648e3f,wifi_speed,low
45ad794a-6c09-4602-bea0-cc38b2648e3f,ambience,medium
1b99366c-11a8-4984-8066-ef729df0d587,wifi_speed,high
1b99366c-11a8-4984-8066-ef729df0d587,service,high
1b99366c-11a8-4984-8066-ef729df0d587,cleanliness,high
1b99366c-11a8-4984-8066-ef729df0d587,comfort,medium
e0784c60-0f89-4fca-b3bd-a146dae51295,ambience,medium
e0784c60-0f89-4fca-b3bd-a146dae51295,comfort,low
653f58cf-8523-4cf0-86b4-727eeefc9b21,service,low
653f58cf-8523-4cf0-86b4-727eeefc9b21,wifi_speed,low
653f58cf-8523-4cf0-86b4-727eeefc9b21,cleanliness,medium
653f58cf-8523-4cf0-86b4-727eeefc9b21,ambience,high
d0e6d4d5-5076-4864-b0f1-42695e8832c5,wifi_speed,medium
d0e6d4d5-5076-4864-b0f1-42695e8832c5,ambience,high
d0e6d4d5-5076-4864-b0f1-42695e8832c5,service,low
d0e6d4d5-5076-4864-b0f1-42695e8832c5,comfort,high
2c29c92a-918d-482e-a999-ea1c653a3d0e,cleanliness,medium
2c29c92a-918d-482e-a999-ea1c653a3d0e,comfort,low
2c29c92a-918d-482e-a999-ea1c653a3d0e,service,medium
2c29c92a-918d-482e-a999-ea1c653a3d0e,wifi_speed,medium
153b951e-ed5b-484f-9876-a521789025bc,cleanliness,low
153b951e-ed5b-484f-9876-a521789025bc,service,medium
153b951e-ed5b-484f-9876-a521789025bc,ambience,medium
a97d4dd5-ad4d-4b9d-a431-b92d4e448f00,ambience,low
a97d4dd5-ad4d-4b9d-a431-b92d4e448f00,wifi_speed,high
a97d4dd5-ad4d-4b9d-a431-b92d4e448f00,cleanliness,medium
a97d4dd5-ad4d-4b9d-a431-b92d4e448f00,comfort,low