review_id,attribute_name,attribute_value
c35c9d2b-910c-4dee-b166-9a8263eca358,wifi_speed,high
c35c9d2b-910c-4dee-b166-9a8263eca358,comfort,medium
41377a93-5fdc-47b0-80d3-b7a1f3180a66,cleanliness,high
41377a93-5fdc-47b0-80d3-b7a1f3180a66,service,high
41377a93-5fdc-47b0-80d3-b7a1f3180a66,ambience,medium
41377a93-5fdc-47b0-80d3-b7a1f3180a66,wifi_speed,medium
41377a93-5fdc-47b0-80d3-b7a1f3180a66,comfort,medium
4e9492c3-371d-4762-8d15-2e5f14b415dd,service,low
4e9492c3-371d-4762-8d15-2e5f14b415dd,comfort,medium
4e9492c3-371d-4762-8d15-2e5f14b415dd,cleanliness,low
4e9492c3-371d-4762-8d15-2e5f14b415dd,wifi_speed,high
4e9492c3-371d-4762-8d15-2e5f14b415dd,ambience,medium
16d82616-216e-48dc-854a-c8af8673b0dd,ambience,high
16d82616-216e-48dc-854a-c8af8673b0dd,comfort,high
16d82616-216e-48dc-854a-c8af8673b0dd,service,high
524d371a-b00c-4512-a4d6-56879ddb3c66,cleanliness,low
524d371a-b00c-4512-a4d6-56879ddb3c66,service,low
524d371a-b00c-4512-a4d6-56879ddb3c66,comfort,high
75512fdf-c6bc-4104-84b4-840c7a09bfd8,comfort,low
75512fdf-c6bc-4104-84b4-840c7a09bfd8,cleanliness,medium
75512fdf-c6bc-4104-84b4-840c7a09bfd8,ambience,high
75512fdf-c6bc-4104-84b4-840c7a09bfd8,wifi_speed,medium
75512fdf-c6bc-4104-84b4-840c7a09bfd8,service,medium
8440894c-91a4-48b5-8174-02cd46edf49c,ambience,high
8440894c-91a4-48b5-8174-02cd46edf49c,cleanliness,medium
8440894c-91a4-48b5-8174-02cd46edf49c,comfort,high
8440894c-91a4-48b5-8174-02cd46edf49c,service,medium
9df58a8e-1012-48ce-bc04-a0ae2d2ae198,service,low
9df58a8e-1012-48ce-bc04-a0ae2d2ae198,wifi_speed,low
9df58a8e-1012-48ce-bc04-a0ae2d2ae198,cleanliness,high
bf5c02a6-3552-4dd5-92e9-4f606afd6db4,ambience,low
bf5c02a6-3552-4dd5-92e9-4f606afd6db4,cleanliness,high
bf5c02a6-3552-4dd5-92e9-4f606afd6db4,comfort,high
7e0e2fa0-308b-4b28-b752-1ce07fc9877a,ambience,low
7e0e2fa0-308b-4b28-b752-1ce07fc9877a,service,high
7e0e2fa0-308b-4b28-b752-1ce07fc9877a,comfort,medium
75c47b02-aa5e-4855-a83c-cedcbdb962ce,service,medium
75c47b02-aa5e-4855-a83c-cedcbdb962ce,ambience,high
12f2b12e-e64e-4b4f-8a74-52f969522bed,service,high
12f2b12e-e64e-4b4f-8a74-52f969522bed,cleanliness,low
12f2b12e-e64e-4b4f-8a74-52f969522bed,wifi_speed,high
12f2b12e-e64e-4b4f-8a74-52f969522bed,ambience,medium
12f2b12e-e64e-4b4f-8a74-52f969522bed,comfort,high
d5164aa2-bb50-4701-854a-0e5def51d430,service,high
d5164aa2-bb50-4701-854a-0e5def51d430,ambience,high
d5164aa2-bb50-4701-854a-0e5def51d430,wifi_speed,medium
42463511-9409-4f0a-8711-de3ff80d0686,wifi_speed,low
42463511-9409-4f0a-8711-de3ff80d0686,ambience,high
42463511-9409-4f0a-8711-de3ff80d0686,comfort,low
42463511-9409-4f0a-8711-de3ff80d0686,service,low
42463511-9409-4f0a-8711-de3ff80d0686,cleanliness,low
dd7583f1-eefe-4fcf-ae81-68d83c8fc74c,comfort,high
dd7583f1-eefe-4fcf-ae81-68d83c8fc74c,wifi_speed,high
dd7583f1-eefe-4fcf-ae81-68d83c8fc74c,ambience,low
dd7583f1-eefe-4fcf-ae81-68d83c8fc74c,cleanliness,medium
1d04ebcb-2809-4057-8731-a6179c5f1586,wifi_speed,low
1d04ebcb-2809-4057-8731-a6179c5f1586,service,medium
1d04ebcb-2809-4057-8731-a6179c5f1586,ambience,medium
23e4a784-e6da-4293-8cf2-172394b7a5e2,ambience,medium
23e4a784-e6da-4293-8cf2-172394b7a5e2,service,high
5cf8a518-f11e-454c-9e81-8a9d22d19257,comfort,high
5cf8a518-f11e-454c-9e81-8a9d22d19257,wifi_speed,low
210e8aaa-612d-48e8-bdc7-a0b017e7f5d0,comfort,medium
210e8aaa-612d-48e8-bdc7-a0b017e7f5d0,cleanliness,medium
d9990d5a-ee44-47d8-8e47-6612f31fc6a6,wifi_speed,low
d9990d5a-ee44-47d8-8e47-6612f31fc6a6,comfort,low
d9990d5a-ee44-47d8-8e47-6612f31fc6a6,ambience,low
8b360be1-93a9-4cdf-a31e-258542b325a0,cleanliness,medium
8b360be1-93a9-4cdf-a31e-258542b325a0,wifi_speed,medium
8b360be1-93a9-4cdf-a31e-258542b325a0,ambience,low
8b360be1-93a9-4cdf-a31e-258542b325a0,service,low
a756baa8-7f3a-4ed3-9c25-66a62f9289bf,ambience,low
a756baa8-7f3a-4ed3-9c25-66a62f9289bf,cleanliness,low
a756baa8-7f3a-4ed3-9c25-66a62f9289bf,service,high
a756baa8-7f3a-4ed3-9c25-66a62f9289bf,comfort,high
a756baa8-7f3a-4ed3-9c25-66a62f9289bf,wifi_speed,high
543a61f3-66f5-4e84-a601-784db27e6eac,ambience,medium
543a61f3-66f5-4e84-a601-784db27e6eac,service,high
543a61f3-66f5-4e84-a601-784db27e6eac,wifi_speed,low
53b3ae72-3196-4a60-92cd-ed99724b034f,cleanliness,high
53b3ae72-3196-4a60-92cd-ed99724b034f,wifi_speed,low
53b3ae72-3196-4a60-92cd-ed99724b034f,service,medium
53b3ae72-3196-4a60-92cd-ed99724b034f,ambience,high
888046f0-d2d3-4694-a916-8568acbb5928,ambience,medium
888046f0-d2d3-4694-a916-8568acbb5928,service,high
888046f0-d2d3-4694-a916-8568acbb5928,cleanliness,high
888046f0-d2d3-4694-a916-8568acbb5928,comfort,low
888046f0-d2d3-4694-a916-8568acbb5928,wifi_speed,medium
ca0ff834-0910-4c45-acf3-3649ce28777b,ambience,medium
ca0ff834-0910-4c45-acf3-3649ce28777b,cleanliness,medium
82bc50ac-a7ac-41b5-80fc-495811fc51c5,comfort,high
82bc50ac-a7ac-41b5-80fc-495811fc51c5,wifi_speed,medium
82bc50ac-a7ac-41b5-80fc-495811fc51c5,ambience,high
82bc50ac-a7ac-41b5-80fc-495811fc51c5,cleanliness,medium
9f6f12e9-c5f2-4234-b942-f01f49c23624,comfort,high
9f6f12e9-c5f2-4234-b942-f01f49c23624,wifi_speed,low
787ad65d-1bd3-44a3-b553-fd1aeab2d032,cleanliness,low
787ad65d-1bd3-44a3-b553-fd1aeab2d032,service,low
787ad65d-1bd3-44a3-b553-fd1aeab2d032,ambience,high
787ad65d-1bd3-44a3-b553-fd1aeab2d032,wifi_speed,low
787ad65d-1bd3-44a3-b553-fd1aeab2d032,comfort,medium
c6bd7aab-3e3e-496e-bb5a-5208e12233b6,comfort,high
c6bd7aab-3e3e-496e-bb5a-5208e12233b6,ambience,medium
c6bd7aab-3e3e-496e-bb5a-5208e12233b6,service,high
c6bd7aab-3e3e-496e-bb5a-5208e12233b6,cleanliness,high
c8cdee72-8890-42f1-85ab-3dbea529c1d5,wifi_speed,low
c8cdee72-8890-42f1-85ab-3dbea529c1d5,cleanliness,low
27fe1015-d5a0-4842-a9dc-3dfb9aefc74a,comfort,medium
27fe1015-d5a0-4842-a9dc-3dfb9aefc74a,cleanliness,low
27fe1015-d5a0-4842-a9dc-3dfb9aefc74a,wifi_speed,medium
27fe1015-d5a0-4842-a9dc-3dfb9aefc74a,ambience,medium
27fe1015-d5a0-4842-a9dc-3dfb9aefc74a,service,high
cfa67b9b-8296-4980-b100-27a2fcec97e4,comfort,low
cfa67b9b-8296-4980-b100-27a2fcec97e4,service,high
3d9a09a5-ff9a-4ca4-97de-61859773e6be,wifi_speed,medium
3d9a09a5-ff9a-4ca4-97de-61859773e6be,cleanliness,low
3c7a6197-4d68-4840-a26c-c21a220ab742,cleanliness,low
3c7a6197-4d68-4840-a26c-c21a220ab742,service,medium
3c7a6197-4d68-4840-a26c-c21a220ab742,comfort,high
3c7a6197-4d68-4840-a26c-c21a220ab742,ambience,medium
3c7a6197-4d68-4840-a26c-c21a220ab742,wifi_speed,high
7ff2f5bb-ae52-456a-87a4-2575478dcc33,wifi_speed,medium
7ff2f5bb-ae52-456a-87a4-2575478dcc33,service,low
7ff2f5bb-ae52-456a-87a4-2575478dcc33,comfort,low
7ff2f5bb-ae52-456a-87a4-2575478dcc33,cleanliness,high
7ff2f5bb-ae52-456a-87a4-2575478dcc33,ambience,high
4bfdf12c-ab51-4e4e-b866-c378f861120e,cleanliness,medium
4bfdf12c-ab51-4e4e-b866-c378f861120e,comfort,low
4bfdf12c-ab51-4e4e-b866-c378f861120e,service,low
4bfdf12c-ab51-4e4e-b866-c378f861120e,wifi_speed,high
4bfdf12c-ab51-4e4e-b866-c378f861120e,ambience,high
2ff539a0-95fe-4d36-a899-0fb0a603b3d4,wifi_speed,low
2ff539a0-95fe-4d36-a899-0fb0a603b3d4,ambience,low
2ff539a0-95fe-4d36-a899-0fb0a603b3d4,cleanliness,medium
f26a2431-063e-4f5f-87ff-7334ee865137,comfort,medium
f26a2431-063e-4f5f-87ff-7334ee865137,service,low
1781447b-e0d3-4537-984f-045ef64858cf,ambience,medium
1781447b-e0d3-4537-984f-045ef64858cf,comfort,low
1781447b-e0d3-4537-984f-045ef64858cf,cleanliness,low
1781447b-e0d3-4537-984f-045ef64858cf,service,medium
1781447b-e0d3-4537-984f-045ef64858cf,wifi_speed,high
ebc3f45c-f2a5-4cc1-9d0f-063aeed4545e,ambience,high
ebc3f45c-f2a5-4cc1-9d0f-063aeed4545e,service,medium
ebc3f45c-f2a5-4cc1-9d0f-063aeed4545e,comfort,medium
ebc3f45c-f2a5-4cc1-9d0f-063aeed4545e,wifi_speed,high
e4e26743-a8e5-46a1-aa01-774517e9366a,wifi_speed,low
e4e26743-a8e5-46a1-aa01-774517e9366a,cleanliness,high
e4e26743-a8e5-46a1-aa01-774517e9366a,ambience,high
e4e26743-a8e5-46a1-aa01-774517e9366a,service,high
55f51467-3aba-466b-8214-2af26a3a781e,ambience,low
55f51467-3aba-466b-8214-2af26a3a781e,cleanliness,medium
6a0c039f-0237-486b-995e-ace121ffe75a,service,medium
6a0c039f-0237-486b-995e-ace121ffe75a,wifi_speed,low
fddb0c4d-17dc-4325-b3fd-55defa60b645,service,low
fddb0c4d-17dc-4325-b3fd-55defa60b645,cleanliness,high
fddb0c4d-17dc-4325-b3fd-55defa60b645,wifi_speed,low
b58d807a-a891-42af-a5bc-4d3f31678bdf,wifi_speed,high
b58d807a-a891-42af-a5bc-4d3f31678bdf,cleanliness,high
7ae07655-65b7-45fe-a762-fd851c3449d2,ambience,medium
7ae07655-65b7-45fe-a762-fd851c3449d2,comfort,high
7ae07655-65b7-45fe-a762-fd851c3449d2,wifi_speed,low
7ae07655-65b7-45fe-a762-fd851c3449d2,service,medium
7ae07655-65b7-45fe-a762-fd851c3449d2,cleanliness,high
953c356c-6e56-4673-86cf-5496db7c53fb,ambience,low
953c356c-6e56-4673-86cf-5496db7c53fb,comfort,low
953c356c-6e56-4673-86cf-5496db7c53fb,service,low
953c356c-6e56-4673-86cf-5496db7c53fb,cleanliness,low
18f62805-a559-4459-884a-2551a1b46d95,comfort,high
18f62805-a559-4459-884a-2551a1b46d95,cleanliness,medium
fc980363-6a0e-4fdd-8c84-8f221837a9be,cleanliness,high
fc980363-6a0e-4fdd-8c84-8f221837a9be,comfort,low
fc980363-6a0e-4fdd-8c84-8f221837a9be,ambience,high
fc980363-6a0e-4fdd-8c84-8f221837a9be,service,medium
fc980363-6a0e-4fdd-8c84-8f221837a9be,wifi_speed,high
f43c0391-9749-4e91-b08c-65ee8dcc96bd,cleanliness,medium
f43c0391-9749-4e91-b08c-65ee8dcc96bd,comfort,medium
ecba40df-0056-4a54-8163-112608a2f034,service,low
ecba40df-0056-4a54-8163-112608a2f034,wifi_speed,low
0aaff994-3611-4d08-854c-abcdc99a43e0,service,high
0aaff994-3611-4d08-854c-abcdc99a43e0,comfort,medium
0aaff994-3611-4d08-854c-abcdc99a43e0,wifi_speed,low
0aaff994-3611-4d08-854c-abcdc99a43e0,cleanliness,low
b3e73ead-a32e-4f93-9123-a5f238e57bf0,comfort,high
b3e73ead-a32e-4f93-9123-a5f238e57bf0,cleanliness,medium
72924d67-ab60-49bf-ad1d-d6ea2ec36df0,service,medium
72924d67-ab60-49bf-ad1d-d6ea2ec36df0,ambience,high
72924d67-ab60-49bf-ad1d-d6ea2ec36df0,cleanliness,low
72924d67-ab60-49bf-ad1d-d6ea2ec36df0,comfort,low
63cf3212-b815-489a-a5e2-633fbf050387,ambience,low
63cf3212-b815-489a-a5e2-633fbf050387,comfort,medium
63cf3212-b815-489a-a5e2-633fbf050387,service,medium
f67dfe70-a643-4d35-b580-3a6185767716,wifi_speed,high
f67dfe70-a643-4d35-b580-3a6185767716,ambience,high
f67dfe70-a643-4d35-b580-3a6185767716,cleanliness,low
f67dfe70-a643-4d35-b580-3a6185767716,comfort,high
36c3c77f-ff80-471d-af92-f93c4241d8e8,wifi_speed,low
36c3c77f-ff80-471d-af92-f93c4241d8e8,comfort,high
36c3c77f-ff80-471d-af92-f93c4241d8e8,ambience,high
d15840b3-3e74-4b2d-a61a-40d580771d81,service,medium
d15840b3-3e74-4b2d-a61a-40d580771d81,cleanliness,high
bb92568a-3faa-48c1-ace5-4dfa35d2b8d3,service,low
bb92568a-3faa-48c1-ace5-4dfa35d2b8d3,comfort,medium
bb92568a-3faa-48c1-ace5-4dfa35d2b8d3,ambience,high
bb92568a-3faa-48c1-ace5-4dfa35d2b8d3,cleanliness,high
bb92568a-3faa-48c1-ace5-4dfa35d2b8d3,wifi_speed,medium
c2c1dfcf-5b40-47e7-bb2d-5f172863f284,service,high
c2c1dfcf-5b40-47e7-bb2d-5f172863f284,comfort,low
c2c1dfcf-5b40-47e7-bb2d-5f172863f284,wifi_speed,high
a5dfa8a6-c2bb-47bb-b4a1-069d6fa0fa66,ambience,high
a5dfa8a6-c2bb-47bb-b4a1-069d6fa0fa66,comfort,medium
a5dfa8a6-c2bb-47bb-b4a1-069d6fa0fa66,cleanliness,low
a5dfa8a6-c2bb-47bb-b4a1-069d6fa0fa66,wifi_speed,low
25c50913-7193-4e02-81f2-3a9f66a836d5,service,low
25c50913-7193-4e02-81f2-3a9f66a836d5,comfort,high
25c50913-7193-4e02-81f2-3a9f66a836d5,ambience,high
25c50913-7193-4e02-81f2-3a9f66a836d5,cleanliness,low
25c50913-7193-4e02-81f2-3a9f66a836d5,wifi_speed,high
5a64bb53-f5d8-4ca8-8a64-5c4b38aeca6e,service,low
5a64bb53-f5d8-4ca8-8a64-5c4b38aeca6e,comfort,medium
5a64bb53-f5d8-4ca8-8a64-5c4b38aeca6e,wifi_speed,low
5a64bb53-f5d8-4ca8-8a64-5c4b38aeca6e,ambience,low
5a64bb53-f5d8-4ca8-8a64-5c4b38aeca6e,cleanliness,medium
284e3c6b-d034-4905-bae3-78a30a2351ab,cleanliness,low
284e3c6b-d034-4905-bae3-78a30a2351ab,comfort,low
284e3c6b-d034-4905-bae3-78a30a2351ab,service,high
284e3c6b-d034-4905-bae3-78a30a2351ab,wifi_speed,high
66f1ab6b-eeca-45a2-b089-136546f554ba,ambience,medium
66f1ab6b-eeca-45a2-b089-136546f554ba,wifi_speed,low
6c28458d-0ffd-42ce-8c12-02948eea1c47,wifi_speed,high
6c28458d-0ffd-42ce-8c12-02948eea1c47,cleanliness,medium
6c28458d-0ffd-42ce-8c12-02948eea1c47,service,high
6c28458d-0ffd-42ce-8c12-02948eea1c47,ambience,low
dc78b0b3-9961-4da4-a275-c30f82762c87,ambience,medium
dc78b0b3-9961-4da4-a275-c30f82762c87,wifi_speed,medium
dc78b0b3-9961-4da4-a275-c30f82762c87,service,low
27e2716e-e79e-4739-87e1-e560f56b2872,comfort,medium
27e2716e-e79e-4739-87e1-e560f56b2872,cleanliness,low
3612247e-de76-4928-b186-fc549deb00c6,wifi_speed,medium
3612247e-de76-4928-b186-fc549deb00c6,ambience,low
3612247e-de76-4928-b186-fc549deb00c6,service,high
3612247e-de76-4928-b186-fc549deb00c6,comfort,low
3612247e-de76-4928-b186-fc549deb00c6,cleanliness,low
ef1a6402-067c-48f8-988d-f5e4555e5759,cleanliness,medium
ef1a6402-067c-48f8-988d-f5e4555e5759,ambience,low
ef1a6402-067c-48f8-988d-f5e4555e5759,wifi_speed,high
ef1a6402-067c-48f8-988d-f5e4555e5759,service,medium
ef1a6402-067c-48f8-988d-f5e4555e5759,comfort,high
50660d80-c7a8-4ee2-946f-55f49545c56f,cleanliness,high
50660d80-c7a8-4ee2-946f-55f49545c56f,comfort,low
50660d80-c7a8-4ee2-946f-55f49545c56f,service,medium
50660d80-c7a8-4ee2-946f-55f49545c56f,ambience,high
50660d80-c7a8-4ee2-946f-55f49545c56f,wifi_speed,medium
6c93902a-4de1-4272-8aba-3e6c4d49906a,comfort,high
6c93902a-4de1-4272-8aba-3e6c4d49906a,service,low
6c93902a-4de1-4272-8aba-3e6c4d49906a,wifi_speed,high
6c93902a-4de1-4272-8aba-3e6c4d49906a,cleanliness,low
cf28d792-de2c-41d9-8c28-96d18748d2e2,service,medium
cf28d792-de2c-41d9-8c28-96d18748d2e2,ambience,high
cf28d792-de2c-41d9-8c28-96d18748d2e2,comfort,high
cf28d792-de2c-41d9-8c28-96d18748d2e2,cleanliness,medium
9d43df10-6efd-40e9-b8bd-6dcd7fb8f9ec,comfort,low
9d43df10-6efd-40e9-b8bd-6dcd7fb8f9ec,wifi_speed,medium
9d43df10-6efd-40e9-b8bd-6dcd7fb8f9ec,ambience,medium
9d43df10-6efd-40e9-b8bd-6dcd7fb8f9ec,service,low
a92f695b-b04f-44d8-af9f-6afbb71b17c0,cleanliness,medium
a92f695b-b04f-44d8-af9f-6afbb71b17c0,comfort,medium
da6b7f81-a3eb-4f98-ab0a-ea08b36de552,cleanliness,high
da6b7f81-a3eb-4f98-ab0a-ea08b36de552,wifi_speed,high
11f0922a-e28b-407d-a4a2-578ef0dcf7ac,cleanliness,low
11f0922a-e28b-407d-a4a2-578ef0dcf7ac,service,low
11f0922a-e28b-407d-a4a2-578ef0dcf7ac,ambience,high
2c2b8242-5925-41b3-86a0-2f5c8ccb37fb,ambience,medium
2c2b8242-5925-41b3-86a0-2f5c8ccb37fb,wifi_speed,medium
2c2b8242-5925-41b3-86a0-2f5c8ccb37fb,service,high
6b10a1ab-acd2-4990-91f8-0f831f89ee78,service,low
6b10a1ab-acd2-4990-91f8-0f831f89ee78,cleanliness,high
6b10a1ab-acd2-4990-91f8-0f831f89ee78,wifi_speed,medium
6b10a1ab-acd2-4990-91f8-0f831f89ee78,ambience,high
2db61ac5-6c52-4e5b-bd96-ded642faa636,comfort,low
2db61ac5-6c52-4e5b-bd96-ded642faa636,service,medium
2db61ac5-6c52-4e5b-bd96-ded642faa636,wifi_speed,medium
2db61ac5-6c52-4e5b-bd96-ded642faa636,ambience,low
2db61ac5-6c52-4e5b-bd96-ded642faa636,cleanliness,medium
93f0ace3-c41d-48a7-8e0a-b06063c2e2eb,wifi_speed,high
93f0ace3-c41d-48a7-8e0a-b06063c2e2eb,cleanliness,medium
93f0ace3-c41d-48a7-8e0a-b06063c2e2eb,comfort,high
93f0ace3-c41d-48a7-8e0a-b06063c2e2eb,service,low
93f0ace3-c41d-48a7-8e0a-b06063c2e2eb,ambience,medium
9675be19-71d5-4c9a-95d0-2ef81a1ed9ff,wifi_speed,low
9675be19-71d5-4c9a-95d0-2ef81a1ed9ff,ambience,medium
9675be19-71d5-4c9a-95d0-2ef81a1ed9ff,comfort,medium
9675be19-71d5-4c9a-95d0-2ef81a1ed9ff,cleanliness,medium
9675be19-71d5-4c9a-95d0-2ef81a1ed9ff,service,high
856c5dbb-a301-455a-9622-0b6e0784a0d9,service,high
856c5dbb-a301-455a-9622-0b6e0784a0d9,wifi_speed,high
856c5dbb-a301-455a-9622-0b6e0784a0d9,ambience,medium
856c5dbb-a301-455a-9622-0b6e0784a0d9,comfort,high
2e8b3c17-973a-4d00-b162-034edd27ec2d,wifi_speed,medium
2e8b3c17-973a-4d00-b162-034edd27ec2d,ambience,low
2e8b3c17-973a-4d00-b162-034edd27ec2d,comfort,high
5d1390ba-7cd4-47f1-af73-31b29eb06ac0,comfort,medium
5d1390ba-7cd4-47f1-af73-31b29eb06ac0,service,medium
5d1390ba-7cd4-47f1-af73-31b29eb06ac0,wifi_speed,low
5d1390ba-7cd4-47f1-af73-31b29eb06ac0,ambience,high
5d1390ba-7cd4-47f1-af73-31b29eb06ac0,cleanliness,high
65ae28fd-cf3e-48f9-9722-1ebad9291421,wifi_speed,low
65ae28fd-cf3e-48f9-9722-1ebad9291421,cleanliness,low
275a41f5-7b9f-450f-b38f-942a260026cf,ambience,high
275a41f5-7b9f-450f-b38f-942a260026cf,comfort,high
275a41f5-7b9f-450f-b38f-942a260026cf,cleanliness,low
275a41f5-7b9f-450f-b38f-942a260026cf,service,medium
7037f6e3-736e-4fd0-b128-562f8e2cd9a5,comfort,high
7037f6e3-736e-4fd0-b128-562f8e2cd9a5,wifi_speed,high
7037f6e3-736e-4fd0-b128-562f8e2cd9a5,cleanliness,medium
061a684f-d141-47bd-b315-8e4cbf7e3d77,comfort,medium
061a684f-d141-47bd-b315-8e4cbf7e3d77,cleanliness,high
061a684f-d141-47bd-b315-8e4cbf7e3d77,ambience,low
061a684f-d141-47bd-b315-8e4cbf7e3d77,service,high
061a684f-d141-47bd-b315-8e4cbf7e3d77,wifi_speed,low
0965be54-6758-4896-8668-b76f04f16a23,ambience,medium
0965be54-6758-4896-8668-b76f04f16a23,service,high
eea277cb-6d8e-48d6-b944-ebb27497411e,service,low
eea277cb-6d8e-48d6-b944-ebb27497411e,comfort,medium
eea277cb-6d8e-48d6-b944-ebb27497411e,wifi_speed,low
9c1f1909-66d5-4c62-b49f-35bdf354f213,cleanliness,high
9c1f1909-66d5-4c62-b49f-35bdf354f213,comfort,high
aa976cca-7565-494b-b356-60c717005967,cleanliness,medium
aa976cca-7565-494b-b356-60c717005967,service,high
aa976cca-7565-494b-b356-60c717005967,comfort,medium
e120a8ca-3bd4-4991-826d-d663615ae552,comfort,medium
e120a8ca-3bd4-4991-826d-d663615ae552,ambience,low
e120a8ca-3bd4-4991-826d-d663615ae552,cleanliness,high
e120a8ca-3bd4-4991-826d-d663615ae552,wifi_speed,low
9fb6a87f-5533-49ab-aecc-79e75cc67356,service,low
9fb6a87f-5533-49ab-aecc-79e75cc67356,cleanliness,low
9fb6a87f-5533-49ab-aecc-79e75cc67356,wifi_speed,medium
9fb6a87f-5533-49ab-aecc-79e75cc67356,ambience,medium
81db999e-d590-4b78-b1ca-9a959f4e504b,service,medium
81db999e-d590-4b78-b1ca-9a959f4e504b,wifi_speed,medium
81db999e-d590-4b78-b1ca-9a959f4e504b,comfort,medium
55a859de-b811-4cae-9261-7c0f15f8ae6e,wifi_speed,medium
55a859de-b811-4cae-9261-7c0f15f8ae6e,ambience,high
55a859de-b811-4cae-9261-7c0f15f8ae6e,service,low
fe3d965d-8947-43bd-9b6e-4203f04b7842,wifi_speed,high
fe3d965d-8947-43bd-9b6e-4203f04b7842,service,high
fe3d965d-8947-43bd-9b6e-4203f04b7842,ambience,low
0401d22e-d288-49e6-9695-9da3b1618ae6,comfort,low
0401d22e-d288-49e6-9695-9da3b1618ae6,wifi_speed,high
14e3652b-65e3-4825-a483-65b2095f0b4d,comfort,medium
14e3652b-65e3-4825-a483-65b2095f0b4d,wifi_speed,medium
577362d1-df17-4e2c-8606-05c522facd13,comfort,low
577362d1-df17-4e2c-8606-05c522facd13,cleanliness,medium
7c668df7-35e5-4675-a0b2-57ae99951ed5,ambience,medium
7c668df7-35e5-4675-a0b2-57ae99951ed5,cleanliness,high
c8940967-78e0-447d-9455-30107561d270,service,medium
c8940967-78e0-447d-9455-30107561d270,ambience,medium
c8940967-78e0-447d-9455-30107561d270,cleanliness,medium
0763c0ae-3687-4a9f-a413-e1e3203e202a,service,high
0763c0ae-3687-4a9f-a413-e1e3203e202a,comfort,high
0763c0ae-3687-4a9f-a413-e1e3203e202a,cleanliness,low
0763c0ae-3687-4a9f-a413-e1e3203e202a,wifi_speed,high
0763c0ae-3687-4a9f-a413-e1e3203e202a,ambience,medium
2397aea0-5cf2-403b-b4ee-22ff2210120c,ambience,high
2397aea0-5cf2-403b-b4ee-22ff2210120c,service,low
2397aea0-5cf2-403b-b4ee-22ff2210120c,wifi_speed,low
f0ded246-aa4a-4ebc-b00d-740963a8c738,ambience,medium
f0ded246-aa4a-4ebc-b00d-740963a8c738,comfort,low
f0ded246-aa4a-4ebc-b00d-740963a8c738,cleanliness,low
ebf8001f-61d2-4c72-b28d-44a63673e63a,ambience,medium
ebf8001f-61d2-4c72-b28d-44a63673e63a,service,medium
ebf8001f-61d2-4c72-b28d-44a63673e63a,wifi_speed,high
ebf8001f-61d2-4c72-b28d-44a63673e63a,cleanliness,high
bc9b544a-b588-4d63-9430-30d6d959de94,service,medium
bc9b544a-b588-4d63-9430-30d6d959de94,comfort,high
d71fc9e1-c377-446d-86c2-d18e603acf66,wifi_speed,low
d71fc9e1-c377-446d-86c2-d18e603acf66,cleanliness,high
e5e50aee-a869-4158-951c-725c15abb0ab,cleanliness,high
e5e50aee-a869-4158-951c-725c15abb0ab,ambience,medium
e5e50aee-a869-4158-951c-725c15abb0ab,service,high
134de357-cfdd-4d3f-bda8-726c04c87ea2,wifi_speed,medium
134de357-cfdd-4d3f-bda8-726c04c87ea2,service,low
134de357-cfdd-4d3f-bda8-726c04c87ea2,cleanliness,high
134de357-cfdd-4d3f-bda8-726c04c87ea2,ambience,high
134de357-cfdd-4d3f-bda8-726c04c87ea2,comfort,low
ca65a272-1570-4e15-9f15-ad24130039b2,comfort,high
ca65a272-1570-4e15-9f15-ad24130039b2,ambience,low
ca65a272-1570-4e15-9f15-ad24130039b2,wifi_speed,medium
ca65a272-1570-4e15-9f15-ad24130039b2,service,medium
ca65a272-1570-4e15-9f15-ad24130039b2,cleanliness,medium
a1daf416-2ccd-4ab0-841b-5ea9b3488755,ambience,medium
a1daf416-2ccd-4ab0-841b-5ea9b3488755,cleanliness,low
a1daf416-2ccd-4ab0-841b-5ea9b3488755,wifi_speed,low
a1daf416-2ccd-4ab0-841b-5ea9b3488755,comfort,low
a1daf416-2ccd-4ab0-841b-5ea9b3488755,service,medium
9ef0c5af-75db-4206-befb-d0031c7cdb85,comfort,low
9ef0c5af-75db-4206-befb-d0031c7cdb85,ambience,low
9ef0c5af-75db-4206-befb-d0031c7cdb85,service,low
7bdabde9-b8e5-4579-ac82-44f31c30707c,comfort,high
7bdabde9-b8e5-4579-ac82-44f31c30707c,wifi_speed,medium
7bdabde9-b8e5-4579-ac82-44f31c30707c,ambience,high
ae4bb143-a17d-4aec-9b13-087ffde33eb1,cleanliness,low
ae4bb143-a17d-4aec-9b13-087ffde33eb1,comfort,high
ae4bb143-a17d-4aec-9b13-087ffde33eb1,wifi_speed,high
ae4bb143-a17d-4aec-9b13-087ffde33eb1,service,medium
ae4bb143-a17d-4aec-9b13-087ffde33eb1,ambience,low
e7e49a35-c2b9-4dbe-9ec6-66b881f3987f,cleanliness,medium
e7e49a35-c2b9-4dbe-9ec6-66b881f3987f,comfort,medium
e7e49a35-c2b9-4dbe-9ec6-66b881f3987f,service,low
fa539afc-4763-4db5-838c-757c9f0a9879,wifi_speed,high
fa539afc-4763-4db5-838c-757c9f0a9879,ambience,high
fa539afc-4763-4db5-838c-757c9f0a9879,service,low
52898d72-0ee9-4251-ad29-85235ef0e2b0,comfort,medium
52898d72-0ee9-4251-ad29-85235ef0e2b0,cleanliness,high
52898d72-0ee9-4251-ad29-85235ef0e2b0,wifi_speed,low
52898d72-0ee9-4251-ad29-85235ef0e2b0,service,medium
52898d72-0ee9-4251-ad29-85235ef0e2b0,ambience,low
0ed1d8b4-e56e-4f52-b424-051cd666aa8d,cleanliness,high
0ed1d8b4-e56e-4f52-b424-051cd666aa8d,wifi_speed,low
0eb8a19b-9db6-4429-8139-4b9b9175cbe1,service,medium
0eb8a19b-9db6-4429-8139-4b9b9175cbe1,cleanliness,low
0eb8a19b-9db6-4429-8139-4b9b9175cbe1,wifi_speed,high
0eb8a19b-9db6-4429-8139-4b9b9175cbe1,ambience,low
d969ca90-9304-41ad-b0a3-3795bb6875b8,service,low
d969ca90-9304-41ad-b0a3-3795bb6875b8,comfort,low
5f4abee9-f43e-4b07-8849-5bd89b625597,cleanliness,low
5f4abee9-f43e-4b07-8849-5bd89b625597,comfort,low
5f4abee9-f43e-4b07-8849-5bd89b625597,service,high
5f4abee9-f43e-4b07-8849-5bd89b625597,wifi_speed,medium
5f4abee9-f43e-4b07-8849-5bd89b625597,ambience,high
e46393e8-2fad-4f8e-ac13-fe2082e0006f,ambience,low
e46393e8-2fad-4f8e-ac13-fe2082e0006f,comfort,medium
cf6e2900-c309-4961-bd65-2db30ae6f660,comfort,low
cf6e2900-c309-4961-bd65-2db30ae6f660,service,low
73962dc9-f035-41dd-b33e-0dcca483e401,cleanliness,low
73962dc9-f035-41dd-b33e-0dcca483e401,comfort,low
73962dc9-f035-41dd-b33e-0dcca483e401,ambience,low
73962dc9-f035-41dd-b33e-0dcca483e401,service,low
73962dc9-f035-41dd-b33e-0dcca483e401,wifi_speed,medium
289b3032-8537-4f7b-a148-3bf8b2df173a,service,high
289b3032-8537-4f7b-a148-3bf8b2df173a,ambience,high
289b3032-8537-4f7b-a148-3bf8b2df173a,wifi_speed,low
a94403e6-5797-4285-bc25-945d7ca1001d,wifi_speed,high
a94403e6-5797-4285-bc25-945d7ca1001d,cleanliness,medium
d7624c51-da2b-4db5-9535-bec239ca227d,service,low
d7624c51-da2b-4db5-9535-bec239ca227d,comfort,medium
c764bc85-6df5-472c-9463-e210fe1d88cd,cleanliness,medium
c764bc85-6df5-472c-9463-e210fe1d88cd,wifi_speed,high
c764bc85-6df5-472c-9463-e210fe1d88cd,service,low
85b5e27d-ebbe-49af-be40-9ac47b0f5ff5,service,medium
85b5e27d-ebbe-49af-be40-9ac47b0f5ff5,cleanliness,high
eaa5b287-1b82-437f-bddf-d1b083c1624a,cleanliness,medium
eaa5b287-1b82-437f-bddf-d1b083c1624a,service,low
eaa5b287-1b82-437f-bddf-d1b083c1624a,wifi_speed,low
ee20dd57-8016-4c01-8f00-15e0dc56a288,wifi_speed,high
ee20dd57-8016-4c01-8f00-15e0dc56a288,ambience,high
ee20dd57-8016-4c01-8f00-15e0dc56a288,service,low
f29cd259-829c-46bf-b565-8803b08b4c51,comfort,medium
f29cd259-829c-46bf-b565-8803b08b4c51,cleanliness,high
f29cd259-829c-46bf-b565-8803b08b4c51,wifi_speed,medium
f29cd259-829c-46bf-b565-8803b08b4c51,service,medium
b650ce93-4a01-4d50-a40d-7d802a3dc596,cleanliness,low
b650ce93-4a01-4d50-a40d-7d802a3dc596,comfort,low
5007d36a-53e1-4785-bd5b-8e330f82874d,comfort,medium
5007d36a-53e1-4785-bd5b-8e330f82874d,ambience,low
5007d36a-53e1-4785-bd5b-8e330f82874d,service,low
5007d36a-53e1-4785-bd5b-8e330f82874d,wifi_speed,high
5007d36a-53e1-4785-bd5b-8e330f82874d,cleanliness,medium
72b60194-b764-4a2b-ab3d-fce1cd28871a,ambience,medium
72b60194-b764-4a2b-ab3d-fce1cd28871a,cleanliness,medium
72b60194-b764-4a2b-ab3d-fce1cd28871a,service,medium
72b60194-b764-4a2b-ab3d-fce1cd28871a,comfort,low
72b60194-b764-4a2b-ab3d-fce1cd28871a,wifi_speed,low
2a8c97f2-c418-4dbd-ac9c-083e5f12fa11,wifi_speed,medium
2a8c97f2-c418-4dbd-ac9c-083e5f12fa11,comfort,high
2a8c97f2-c418-4dbd-ac9c-083e5f12fa11,cleanliness,high
2a8c97f2-c418-4dbd-ac9c-083e5f12fa11,ambience,medium
77c51999-242d-4af3-9341-4adbc6f9ce70,comfort,medium
77c51999-242d-4af3-9341-4adbc6f9ce70,service,medium
77c51999-242d-4af3-9341-4adbc6f9ce70,wifi_speed,low
59bcc09c-9d0b-43ac-b1d1-172af3739a96,cleanliness,medium
59bcc09c-9d0b-43ac-b1d1-172af3739a96,comfort,medium
59bcc09c-9d0b-43ac-b1d1-172af3739a96,service,low
ebcc1b53-1353-48a6-870e-f58598ad1f75,ambience,medium
ebcc1b53-1353-48a6-870e-f58598ad1f75,service,high
ebcc1b53-1353-48a6-870e-f58598ad1f75,cleanliness,low
b933632b-0dd9-4adc-9a38-0193ec1b4388,service,high
b933632b-0dd9-4adc-9a38-0193ec1b4388,ambience,low
b933632b-0dd9-4adc-9a38-0193ec1b4388,comfort,low
b933632b-0dd9-4adc-9a38-0193ec1b4388,cleanliness,high
13115e93-29f7-4ae2-9a3f-63704ca40471,service,low
13115e93-29f7-4ae2-9a3f-63704ca40471,cleanliness,high
13115e93-29f7-4ae2-9a3f-63704ca40471,ambience,high
a24fe17d-acea-4b86-80ba-170c55537a2d,cleanliness,low
a24fe17d-acea-4b86-80ba-170c55537a2d,comfort,medium
a24fe17d-acea-4b86-80ba-170c55537a2d,wifi_speed,medium
a24fe17d-acea-4b86-80ba-170c55537a2d,service,high
a24fe17d-acea-4b86-80ba-170c55537a2d,ambience,low
4c34b978-ab5f-4dc6-a43c-dba17f432d59,service,high
4c34b978-ab5f-4dc6-a43c-dba17f432d59,wifi_speed,medium
4c34b978-ab5f-4dc6-a43c-dba17f432d59,comfort,high
56eddada-3014-4ad5-a6a5-c11be7d2c740,service,high
56eddada-3014-4ad5-a6a5-c11be7d2c740,ambience,medium
56eddada-3014-4ad5-a6a5-c11be7d2c740,cleanliness,high
56eddada-3014-4ad5-a6a5-c11be7d2c740,comfort,medium
366c1cc4-e166-4bed-995a-63b49b1b3822,comfort,low
366c1cc4-e166-4bed-995a-63b49b1b3822,service,medium
55ac6c40-6a56-47e5-b1c7-0d016dd56fd4,comfort,medium
55ac6c40-6a56-47e5-b1c7-0d016dd56fd4,ambience,medium
55ac6c40-6a56-47e5-b1c7-0d016dd56fd4,wifi_speed,medium
55ac6c40-6a56-47e5-b1c7-0d016dd56fd4,cleanliness,high
299de18d-e03b-48ca-934e-72614a7e3180,service,high
299de18d-e03b-48ca-934e-72614a7e3180,wifi_speed,medium
86bafa2f-778d-49f9-b674-8bd2e567b9ae,ambience,high
86bafa2f-778d-49f9-b674-8bd2e567b9ae,cleanliness,medium
82eada23-eb7d-4604-8c6e-7ed93a66661f,wifi_speed,low
82eada23-eb7d-4604-8c6e-7ed93a66661f,comfort,medium
82eada23-eb7d-4604-8c6e-7ed93a66661f,cleanliness,medium
f23d83b1-1301-4d4d-974d-b3f78e3ce8c1,service,medium
f23d83b1-1301-4d4d-974d-b3f78e3ce8c1,comfort,low
5bd0e26d-bc04-4b1c-9346-56440baef982,wifi_speed,high
5bd0e26d-bc04-4b1c-9346-56440baef982,service,medium
5bd0e26d-bc04-4b1c-9346-56440baef982,cleanliness,low
3da39d44-1844-468a-9b71-21bc2bc48fdd,ambience,high
3da39d44-1844-468a-9b71-21bc2bc48fdd,wifi_speed,high
3da39d44-1844-468a-9b71-21bc2bc48fdd,service,high
3da39d44-1844-468a-9b71-21bc2bc48fdd,cleanliness,low
3da39d44-1844-468a-9b71-21bc2bc48fdd,comfort,medium
2027b020-7e42-4a61-89cb-477557739b66,ambience,low
2027b020-7e42-4a61-89cb-477557739b66,cleanliness,medium
2027b020-7e42-4a61-89cb-477557739b66,comfort,medium
4f687fab-fcdd-4f73-8d7e-9acd9fa5aaca,ambience,low
4f687fab-fcdd-4f73-8d7e-9acd9fa5aaca,wifi_speed,high
4f687fab-fcdd-4f73-8d7e-9acd9fa5aaca,service,medium
4f687fab-fcdd-4f73-8d7e-9acd9fa5aaca,cleanliness,high
11df79ce-4627-49fa-a00f-20f947b7a355,service,high
11df79ce-4627-49fa-a00f-20f947b7a355,cleanliness,medium
11df79ce-4627-49fa-a00f-20f947b7a355,wifi_speed,low
00e4f32e-f492-4824-a31c-bcb6368311fb,wifi_speed,low
00e4f32e-f492-4824-a31c-bcb6368311fb,ambience,high
00e4f32e-f492-4824-a31c-bcb6368311fb,comfort,low
00e4f32e-f492-4824-a31c-bcb6368311fb,cleanliness,low
00e4f32e-f492-4824-a31c-bcb6368311fb,service,medium
cbd3c03f-6cbd-440d-9cf5-3bec27b31b60,service,low
cbd3c03f-6cbd-440d-9cf5-3bec27b31b60,ambience,medium
cbd3c03f-6cbd-440d-9cf5-3bec27b31b60,wifi_speed,low
cbd3c03f-6cbd-440d-9cf5-3bec27b31b60,comfort,medium
315d62d7-3adf-446a-ac42-bb3247cc8a18,comfort,low
315d62d7-3adf-446a-ac42-bb3247cc8a18,service,medium
315d62d7-3adf-446a-ac42-bb3247cc8a18,ambience,high
315d62d7-3adf-446a-ac42-bb3247cc8a18,wifi_speed,medium
bbced768-73d9-4d20-849a-eacca3639efd,ambience,high
bbced768-73d9-4d20-849a-eacca3639efd,wifi_speed,high
bbced768-73d9-4d20-849a-eacca3639efd,cleanliness,low
bbced768-73d9-4d20-849a-eacca3639efd,comfort,high
bbced768-73d9-4d20-849a-eacca3639efd,service,low
2bfca084-b09b-4e8f-a021-d25f69c0f30a,wifi_speed,medium
2bfca084-b09b-4e8f-a021-d25f69c0f30a,ambience,medium
2bfca084-b09b-4e8f-a021-d25f69c0f30a,service,medium
31ea1e7f-ec9c-44ac-9728-52d795d09e58,comfort,high
31ea1e7f-ec9c-44ac-9728-52d795d09e58,cleanliness,high
31ea1e7f-ec9c-44ac-9728-52d795d09e58,ambience,high
00f90ad3-85b6-4a45-9d46-1802b07c4c0e,service,medium
00f90ad3-85b6-4a45-9d46-1802b07c4c0e,ambience,high
00f90ad3-85b6-4a45-9d46-1802b07c4c0e,wifi_speed,medium
00f90ad3-85b6-4a45-9d46-1802b07c4c0e,cleanliness,high
f231ec96-1ebf-4ce4-872b-93c6b6e937f2,service,low
f231ec96-1ebf-4ce4-872b-93c6b6e937f2,ambience,low
f231ec96-1ebf-4ce4-872b-93c6b6e937f2,cleanliness,medium
9391c0cd-bca5-4e88-a485-620343f9e4d6,service,low
9391c0cd-bca5-4e88-a485-620343f9e4d6,cleanliness,low
9391c0cd-bca5-4e88-a485-620343f9e4d6,wifi_speed,low
9391c0cd-bca5-4e88-a485-620343f9e4d6,comfort,low
9391c0cd-bca5-4e88-a485-620343f9e4d6,ambience,medium
fcc447c1-9fbc-4705-885c-6bf7bf2df65b,comfort,high
fcc447c1-9fbc-4705-885c-6bf7bf2df65b,cleanliness,low
fcc447c1-9fbc-4705-885c-6bf7bf2df65b,wifi_speed,high
9562b0c0-a3be-4d0a-9945-e2514af0a1f3,service,low
9562b0c0-a3be-4d0a-9945-e2514af0a1f3,comfort,medium
9562b0c0-a3be-4d0a-9945-e2514af0a1f3,wifi_speed,high
9562b0c0-a3be-4d0a-9945-e2514af0a1f3,cleanliness,high
edda2e72-928d-4897-92c1-b8c5e1e49300,comfort,low
edda2e72-928d-4897-92c1-b8c5e1e49300,cleanliness,low
edda2e72-928d-4897-92c1-b8c5e1e49300,ambience,low
a74b37cb-2fbc-439d-bb55-4304ebc3f388,service,low
a74b37cb-2fbc-439d-bb55-4304ebc3f388,wifi_speed,medium
1da273f4-7c41-4ace-bf3a-5af698d0b44f,ambience,high
1da273f4-7c41-4ace-bf3a-5af698d0b44f,cleanliness,high
1da273f4-7c41-4ace-bf3a-5af698d0b44f,comfort,high
eccc5ebf-fc80-4f04-8500-988f740b4ce1,cleanliness,low
eccc5ebf-fc80-4f04-8500-988f740b4ce1,ambience,low
dc810baa-4daa-4bd2-afdc-b381e3cb2348,ambience,medium
dc810baa-4daa-4bd2-afdc-b381e3cb2348,service,medium
dc810baa-4daa-4bd2-afdc-b381e3cb2348,wifi_speed,low
dc810baa-4daa-4bd2-afdc-b381e3cb2348,cleanliness,high
0a41508b-1fde-4462-bc59-4cd6fa871883,cleanliness,medium
0a41508b-1fde-4462-bc59-4cd6fa871883,wifi_speed,medium
0a41508b-1fde-4462-bc59-4cd6fa871883,ambience,high
0a41508b-1fde-4462-bc59-4cd6fa871883,comfort,medium
1f721bd6-12f9-4f23-a84f-9e29f702a279,service,low
1f721bd6-12f9-4f23-a84f-9e29f702a279,cleanliness,high
1f721bd6-12f9-4f23-a84f-9e29f702a279,ambience,high
121ade4a-c608-4a2e-87f0-e35b927ff580,comfort,high
121ade4a-c608-4a2e-87f0-e35b927ff580,service,high
121ade4a-c608-4a2e-87f0-e35b927ff580,wifi_speed,high
121ade4a-c608-4a2e-87f0-e35b927ff580,cleanliness,high
df2f07bc-01a1-4d21-87f1-1430fa058fc9,service,high
df2f07bc-01a1-4d21-87f1-1430fa058fc9,ambience,medium
df2f07bc-01a1-4d21-87f1-1430fa058fc9,cleanliness,medium
df2f07bc-01a1-4d21-87f1-1430fa058fc9,wifi_speed,low
65c3aa6e-8884-4fd8-88e6-c4bed7d7a34e,cleanliness,low
65c3aa6e-8884-4fd8-88e6-c4bed7d7a34e,comfort,high
65c3aa6e-8884-4fd8-88e6-c4bed7d7a34e,wifi_speed,medium
2a155159-098b-4333-9a19-5480a208eaf7,comfort,low
2a155159-098b-4333-9a19-5480a208eaf7,service,high
2a155159-098b-4333-9a19-5480a208eaf7,cleanliness,high
2a155159-098b-4333-9a19-5480a208eaf7,ambience,high
2a155159-098b-4333-9a19-5480a208eaf7,wifi_speed,high
18a19eac-f869-4653-961a-5e9545d552cd,comfort,low
18a19eac-f869-4653-961a-5e9545d552cd,service,medium
f016a71a-eb87-4788-97bb-5648d00db50e,ambience,high
f016a71a-eb87-4788-97bb-5648d00db50e,cleanliness,low
28119e39-c265-4ae2-87d3-c924ebdf2fd6,comfort,high
28119e39-c265-4ae2-87d3-c924ebdf2fd6,service,high
700e8615-e8e6-4a3e-a3a5-e164946f0c8d,wifi_speed,high
700e8615-e8e6-4a3e-a3a5-e164946f0c8d,service,low
700e8615-e8e6-4a3e-a3a5-e164946f0c8d,cleanliness,medium
f6f36f07-4f04-474d-9664-1f38939629ee,service,medium
f6f36f07-4f04-474d-9664-1f38939629ee,cleanliness,high
4c62ccd9-531f-4ac4-b26a-16c3ac050be8,comfort,low
4c62ccd9-531f-4ac4-b26a-16c3ac050be8,ambience,low
4c62ccd9-531f-4ac4-b26a-16c3ac050be8,cleanliness,low
40dbbbd9-142b-4150-9239-2fd90759f4d1,service,medium
40dbbbd9-142b-4150-9239-2fd90759f4d1,cleanliness,low
40dbbbd9-142b-4150-9239-2fd90759f4d1,comfort,high
40dbbbd9-142b-4150-9239-2fd90759f4d1,ambience,low
40dbbbd9-142b-4150-9239-2fd90759f4d1,wifi_speed,low
8ab21372-603f-45b9-9211-355259de96fe,comfort,low
8ab21372-603f-45b9-9211-355259de96fe,wifi_speed,high
8ab21372-603f-45b9-9211-355259de96fe,ambience,medium
8ab21372-603f-45b9-9211-355259de96fe,service,high
2b416b62-b79e-48ee-9cb3-248ffb55b373,comfort,medium
2b416b62-b79e-48ee-9cb3-248ffb55b373,service,medium
2b416b62-b79e-48ee-9cb3-248ffb55b373,wifi_speed,high
24c70c31-d187-4b54-a5fc-cd78553069be,ambience,high
24c70c31-d187-4b54-a5fc-cd78553069be,wifi_speed,low
24c70c31-d187-4b54-a5fc-cd78553069be,service,low
24c70c31-d187-4b54-a5fc-cd78553069be,cleanliness,low
ed2928c6-f91a-4b02-a089-6ca826d3bf9b,wifi_speed,medium
ed2928c6-f91a-4b02-a089-6ca826d3bf9b,comfort,high
ed2928c6-f91a-4b02-a089-6ca826d3bf9b,service,medium
ca548540-0b04-404d-a456-35474351b95b,cleanliness,low
ca548540-0b04-404d-a456-35474351b95b,service,medium
ca548540-0b04-404d-a456-35474351b95b,wifi_speed,medium
8092f404-ca98-4a92-8996-f56c5b561d13,wifi_speed,high
8092f404-ca98-4a92-8996-f56c5b561d13,cleanliness,medium
8092f404-ca98-4a92-8996-f56c5b561d13,ambience,high
8092f404-ca98-4a92-8996-f56c5b561d13,comfort,low
b396aabd-01d1-4d5b-9ae6-7726c68ffcb1,cleanliness,high
b396aabd-01d1-4d5b-9ae6-7726c68ffcb1,wifi_speed,high
72bc3a2a-7849-422d-aac7-8ba1d678a5f4,ambience,medium
72bc3a2a-7849-422d-aac7-8ba1d678a5f4,comfort,low
72bc3a2a-7849-422d-aac7-8ba1d678a5f4,wifi_speed,high
6c0447eb-7f1d-44e4-b64d-dd71499fb129,wifi_speed,medium
6c0447eb-7f1d-44e4-b64d-dd71499fb129,ambience,high
6c0447eb-7f1d-44e4-b64d-dd71499fb129,comfort,low
6c0447eb-7f1d-44e4-b64d-dd71499fb129,cleanliness,high
6c0447eb-7f1d-44e4-b64d-dd71499fb129,service,high
6a727aa1-09d7-455e-ae79-ae1e0420f68b,cleanliness,low
6a727aa1-09d7-455e-ae79-ae1e0420f68b,wifi_speed,low
6a727aa1-09d7-455e-ae79-ae1e0420f68b,service,low
6a727aa1-09d7-455e-ae79-ae1e0420f68b,comfort,low
656142d2-97be-4648-a86e-4e357f4509d2,cleanliness,low
656142d2-97be-4648-a86e-4e357f4509d2,service,medium
656142d2-97be-4648-a86e-4e357f4509d2,wifi_speed,low
02d86723-8e58-44cf-8a56-355cff7987b3,comfort,low
02d86723-8e58-44cf-8a56-355cff7987b3,ambience,medium
1f3d1807-42dc-420e-9120-590a67d60872,service,high
1f3d1807-42dc-420e-9120-590a67d60872,comfort,medium
1f3d1807-42dc-420e-9120-590a67d60872,wifi_speed,low
07ff2cd8-cc63-4161-9c09-77bea4548244,comfort,high
07ff2cd8-cc63-4161-9c09-77bea4548244,cleanliness,low
07ff2cd8-cc63-4161-9c09-77bea4548244,ambience,low
07ff2cd8-cc63-4161-9c09-77bea4548244,wifi_speed,high
07ff2cd8-cc63-4161-9c09-77bea4548244,service,high
e16274fe-4ff5-47c2-a94f-21e99d1c9fd2,wifi_speed,low
e16274fe-4ff5-47c2-a94f-21e99d1c9fd2,service,medium
01983ff2-7501-462a-8e6e-d49de9d723fa,comfort,low
01983ff2-7501-462a-8e6e-d49de9d723fa,service,medium
01983ff2-7501-462a-8e6e-d49de9d723fa,cleanliness,low
01983ff2-7501-462a-8e6e-d49de9d723fa,ambience,high
332be47b-c8da-48b1-ade7-13bc1792914c,ambience,medium
332be47b-c8da-48b1-ade7-13bc1792914c,cleanliness,low
332be47b-c8da-48b1-ade7-13bc1792914c,service,low
b87d0534-0de9-47bc-b8a3-a830797c60ad,ambience,medium
b87d0534-0de9-47bc-b8a3-a830797c60ad,comfort,high
b87d0534-0de9-47bc-b8a3-a830797c60ad,cleanliness,high
55785dfa-5cf6-4b53-80b0-9a57f03299f5,cleanliness,high
55785dfa-5cf6-4b53-80b0-9a57f03299f5,comfort,high
058cb8bb-31a3-4588-859b-e90e1d93cf4e,cleanliness,high
058cb8bb-31a3-4588-859b-e90e1d93cf4e,wifi_speed,medium
058cb8bb-31a3-4588-859b-e90e1d93cf4e,ambience,medium
e1b7d3d4-bd3d-44a1-9a4c-d432b35441d0,ambience,high
e1b7d3d4-bd3d-44a1-9a4c-d432b35441d0,comfort,medium
b17f9197-9ffe-4c72-b00d-cebab1709967,wifi_speed,medium
b17f9197-9ffe-4c72-b00d-cebab1709967,comfort,low
b17f9197-9ffe-4c72-b00d-cebab1709967,ambience,medium
b17f9197-9ffe-4c72-b00d-cebab1709967,service,low
711523d7-3887-49b4-afcb-75436efb6c44,service,low
711523d7-3887-49b4-afcb-75436efb6c44,cleanliness,medium
711523d7-3887-49b4-afcb-75436efb6c44,wifi_speed,high
711523d7-3887-49b4-afcb-75436efb6c44,ambience,medium
711523d7-3887-49b4-afcb-75436efb6c44,comfort,medium
6f92302b-0e04-4d9f-8c5a-f5ad4015bfa6,cleanliness,low
6f92302b-0e04-4d9f-8c5a-f5ad4015bfa6,wifi_speed,low
6f92302b-0e04-4d9f-8c5a-f5ad4015bfa6,comfort,medium
6f92302b-0e04-4d9f-8c5a-f5ad4015bfa6,ambience,low
6f92302b-0e04-4d9f-8c5a-f5ad4015bfa6,service,low
a7a46c1b-5cae-42cc-862a-ae31794bae51,comfort,medium
a7a46c1b-5cae-42cc-862a-ae31794bae51,service,medium
a7a46c1b-5cae-42cc-862a-ae31794bae51,cleanliness,low
9b480c46-1345-4a88-9c8d-2477cd62a636,wifi_speed,high
9b480c46-1345-4a88-9c8d-2477cd62a636,comfort,high
9b480c46-1345-4a88-9c8d-2477cd62a636,ambience,low
9b480c46-1345-4a88-9c8d-2477cd62a636,cleanliness,low
9b480c46-1345-4a88-9c8d-2477cd62a636,service,medium
c5ef54d7-aef3-4348-b007-57830612cd7f,service,high
c5ef54d7-aef3-4348-b007-57830612cd7f,wifi_speed,medium
c5ef54d7-aef3-4348-b007-57830612cd7f,cleanliness,low
c4e173a2-4154-46ee-898f-2178fc4760dc,comfort,medium
c4e173a2-4154-46ee-898f-2178fc4760dc,ambience,medium
ee79d3a1-b81d-4bb3-a280-6802f4c5dc6f,comfort,high
ee79d3a1-b81d-4bb3-a280-6802f4c5dc6f,cleanliness,medium
ee79d3a1-b81d-4bb3-a280-6802f4c5dc6f,service,low
ee79d3a1-b81d-4bb3-a280-6802f4c5dc6f,ambience,medium
ee79d3a1-b81d-4bb3-a280-6802f4c5dc6f,wifi_speed,high
e8179e72-1cf6-4d6d-ba5a-f6fca6716b8e,wifi_speed,low
e8179e72-1cf6-4d6d-ba5a-f6fca6716b8e,ambience,low
e8179e72-1cf6-4d6d-ba5a-f6fca6716b8e,service,low
e8179e72-1cf6-4d6d-ba5a-f6fca6716b8e,cleanliness,low
e8179e72-1cf6-4d6d-ba5a-f6fca6716b8e,comfort,high
4e9450b3-8e57-44cb-ad66-1d12d34bf0a6,wifi_speed,high
4e9450b3-8e57-44cb-ad66-1d12d34bf0a6,comfort,medium
4e9450b3-8e57-44cb-ad66-1d12d34bf0a6,cleanliness,high
09026f62-44e9-4b96-96b5-5ca670383198,ambience,high
09026f62-44e9-4b96-96b5-5ca670383198,comfort,low
09026f62-44e9-4b96-96b5-5ca670383198,wifi_speed,high
09026f62-44e9-4b96-96b5-5ca670383198,cleanliness,medium
09026f62-44e9-4b96-96b5-5ca670383198,service,high
42cd3080-dd18-409a-b349-76ffdba8b9a5,cleanliness,medium
42cd3080-dd18-409a-b349-76ffdba8b9a5,wifi_speed,low
b9885e75-56bd-4bec-8461-64a465d9df2c,cleanliness,high
b9885e75-56bd-4bec-8461-64a465d9df2c,comfort,low
b2048e49-b703-4fe0-be23-6f1aec445832,ambience,low
b2048e49-b703-4fe0-be23-6f1aec445832,cleanliness,low
b2048e49-b703-4fe0-be23-6f1aec445832,wifi_speed,high
659e9e7d-358d-4d08-962c-93771eae8564,ambience,high
659e9e7d-358d-4d08-962c-93771eae8564,service,medium
659e9e7d-358d-4d08-962c-93771eae8564,cleanliness,high
659e9e7d-358d-4d08-962c-93771eae8564,comfort,high
fccee873-4167-4776-ab70-58cb9443d209,cleanliness,high
fccee873-4167-4776-ab70-58cb9443d209,wifi_speed,low
fccee873-4167-4776-ab70-58cb9443d209,ambience,medium
fccee873-4167-4776-ab70-58cb9443d209,comfort,medium
fccee873-4167-4776-ab70-58cb9443d209,service,high
8a58d588-03f7-4a66-a2a3-c2c27b6e7076,comfort,low
8a58d588-03f7-4a66-a2a3-c2c27b6e7076,cleanliness,medium
647027c5-dafe-453c-a0ce-acbb14fed493,wifi_speed,low
647027c5-dafe-453c-a0ce-acbb14fed493,cleanliness,high
3be74cb0-105f-4c2f-bdbe-8c1ab3b71056,cleanliness,high
3be74cb0-105f-4c2f-bdbe-8c1ab3b71056,wifi_speed,high
3be74cb0-105f-4c2f-bdbe-8c1ab3b71056,service,high
3be74cb0-105f-4c2f-bdbe-8c1ab3b71056,ambience,high
3be74cb0-105f-4c2f-bdbe-8c1ab3b71056,comfort,medium
eed29e47-c04f-491f-acdb-b9f75c70d1e8,cleanliness,high
eed29e47-c04f-491f-acdb-b9f75c70d1e8,comfort,high
eed29e47-c04f-491f-acdb-b9f75c70d1e8,ambience,medium
eed29e47-c04f-491f-acdb-b9f75c70d1e8,service,medium
eed29e47-c04f-491f-acdb-b9f75c70d1e8,wifi_speed,medium
6c0e6739-7989-434a-9175-4d671567490d,wifi_speed,high
6c0e6739-7989-434a-9175-4d671567490d,ambience,medium
af55c577-ccac-4d96-a82e-8b5ab0fc6413,wifi_speed,high
af55c577-ccac-4d96-a82e-8b5ab0fc6413,comfort,medium
af55c577-ccac-4d96-a82e-8b5ab0fc6413,ambience,low
3b513478-2f54-4800-88a1-7f159c31a28c,cleanliness,high
3b513478-2f54-4800-88a1-7f159c31a28c,wifi_speed,medium
3b513478-2f54-4800-88a1-7f159c31a28c,ambience,high
3b513478-2f54-4800-88a1-7f159c31a28c,comfort,medium
3b513478-2f54-4800-88a1-7f159c31a28c,service,medium
1cfb866c-0759-45f5-bbae-16c9f8d484ab,service,medium
1cfb866c-0759-45f5-bbae-16c9f8d484ab,comfort,low
1cfb866c-0759-45f5-bbae-16c9f8d484ab,cleanliness,high
1cfb866c-0759-45f5-bbae-16c9f8d484ab,ambience,medium
9d8c4a87-4992-4750-95b4-c1a49711fbac,comfort,low
9d8c4a87-4992-4750-95b4-c1a49711fbac,ambience,medium
9d8c4a87-4992-4750-95b4-c1a49711fbac,wifi_speed,low
399ff70e-8a8b-45d0-91e1-d6936c3adde4,cleanliness,low
399ff70e-8a8b-45d0-91e1-d6936c3adde4,service,low
346b2c5f-8f26-4a27-8636-49ee9edf95c3,ambience,high
346b2c5f-8f26-4a27-8636-49ee9edf95c3,service,high
346b2c5f-8f26-4a27-8636-49ee9edf95c3,comfort,high
2536c2a4-d3a3-4d62-8cf3-94aaf4ba3209,cleanliness,low
2536c2a4-d3a3-4d62-8cf3-94aaf4ba3209,wifi_speed,high
2536c2a4-d3a3-4d62-8cf3-94aaf4ba3209,service,high
2536c2a4-d3a3-4d62-8cf3-94aaf4ba3209,comfort,medium
2536c2a4-d3a3-4d62-8cf3-94aaf4ba3209,ambience,medium
f17ce82b-a9ee-45a8-94f7-e80a29ad471b,service,medium
f17ce82b-a9ee-45a8-94f7-e80a29ad471b,ambience,high
450ae8ca-3723-432b-bd37-f4b52086f7ad,service,medium
450ae8ca-3723-432b-bd37-f4b52086f7ad,ambience,medium
cda94e61-3c3c-4421-ae93-544056b5453c,comfort,low
cda94e61-3c3c-4421-ae93-544056b5453c,cleanliness,medium
cda94e61-3c3c-4421-ae93-544056b5453c,wifi_speed,medium
cda94e61-3c3c-4421-ae93-544056b5453c,ambience,medium
cda94e61-3c3c-4421-ae93-544056b5453c,service,high
bd6cf408-050c-494f-b31b-6871a839d2b6,cleanliness,high
bd6cf408-050c-494f-b31b-6871a839d2b6,service,low
bd6cf408-050c-494f-b31b-6871a839d2b6,ambience,medium
b0365596-d85d-42fd-a10c-7695f11f2b1d,comfort,medium
b0365596-d85d-42fd-a10c-7695f11f2b1d,wifi_speed,low
b0365596-d85d-42fd-a10c-7695f11f2b1d,service,medium
b0365596-d85d-42fd-a10c-7695f11f2b1d,cleanliness,high
82863e5a-3140-4d5e-8586-df5266d1fcf2,comfort,high
82863e5a-3140-4d5e-8586-df5266d1fcf2,cleanliness,medium
82863e5a-3140-4d5e-8586-df5266d1fcf2,ambience,medium
d147ff6c-92dd-48b3-b96b-13d926441688,ambience,low
d147ff6c-92dd-48b3-b96b-13d926441688,wifi_speed,high
d147ff6c-92dd-48b3-b96b-13d926441688,cleanliness,high
d147ff6c-92dd-48b3-b96b-13d926441688,service,medium
d147ff6c-92dd-48b3-b96b-13d926441688,comfort,high
a83da807-f41b-491f-bb9b-79a2255f59aa,cleanliness,high
a83da807-f41b-491f-bb9b-79a2255f59aa,comfort,low
e18a2767-83b3-48a9-9ce6-a5258d47cb01,wifi_speed,medium
e18a2767-83b3-48a9-9ce6-a5258d47cb01,cleanliness,low
e18a2767-83b3-48a9-9ce6-a5258d47cb01,comfort,medium
e18a2767-83b3-48a9-9ce6-a5258d47cb01,ambience,low
e18a2767-83b3-48a9-9ce6-a5258d47cb01,service,high
4874c50d-3717-4f43-a124-5cb0ecf3c0f3,cleanliness,high
4874c50d-3717-4f43-a124-5cb0ecf3c0f3,ambience,high
038ae913-d05c-4af7-ba92-f04688f35746,ambience,medium
038ae913-d05c-4af7-ba92-f04688f35746,cleanliness,high
038ae913-d05c-4af7-ba92-f04688f35746,wifi_speed,medium
038ae913-d05c-4af7-ba92-f04688f35746,service,high
038ae913-d05c-4af7-ba92-f04688f35746,comfort,medium
6c87d358-4e8a-4f17-ae60-45c790d406fd,ambience,low
6c87d358-4e8a-4f17-ae60-45c790d406fd,service,low
6c87d358-4e8a-4f17-ae60-45c790d406fd,comfort,high
6c87d358-4e8a-4f17-ae60-45c790d406fd,wifi_speed,high
cfee9df6-5497-4872-a33a-e35565e752b7,cleanliness,low
cfee9df6-5497-4872-a33a-e35565e752b7,wifi_speed,low
cfee9df6-5497-4872-a33a-e35565e752b7,service,high
02f69165-1ed9-4b91-b86e-f0930bf73836,wifi_speed,medium
02f69165-1ed9-4b91-b86e-f0930bf73836,cleanliness,medium
ada55786-4e2e-43e2-9eaa-fc3b934de99b,service,medium
ada55786-4e2e-43e2-9eaa-fc3b934de99b,wifi_speed,low
ada55786-4e2e-43e2-9eaa-fc3b934de99b,comfort,low
ada55786-4e2e-43e2-9eaa-fc3b934de99b,ambience,medium
ada55786-4e2e-43e2-9eaa-fc3b934de99b,cleanliness,medium
2e4fa4fe-dbe0-4fec-8893-a24a9cd5cea1,ambience,medium
2e4fa4fe-dbe0-4fec-8893-a24a9cd5cea1,wifi_speed,low
c50508c6-d169-4383-a73f-b23436f8f9f9,ambience,medium
c50508c6-d169-4383-a73f-b23436f8f9f9,wifi_speed,low
c50508c6-d169-4383-a73f-b23436f8f9f9,cleanliness,medium
44628f7d-8959-4129-a127-246c64f94e57,wifi_speed,low
44628f7d-8959-4129-a127-246c64f94e57,cleanliness,medium
44628f7d-8959-4129-a127-246c64f94e57,comfort,medium
44628f7d-8959-4129-a127-246c64f94e57,service,medium
44628f7d-8959-4129-a127-246c64f94e57,ambience,low
cc9548d4-b847-4050-a73e-37623f083969,wifi_speed,medium
cc9548d4-b847-4050-a73e-37623f083969,cleanliness,high
ca13a110-d0dc-47aa-a288-85f6aba40ddb,cleanliness,high
ca13a110-d0dc-47aa-a288-85f6aba40ddb,service,low
ca13a110-d0dc-47aa-a288-85f6aba40ddb,wifi_speed,medium
ca13a110-d0dc-47aa-a288-85f6aba40ddb,ambience,medium
ca13a110-d0dc-47aa-a288-85f6aba40ddb,comfort,medium
60e529e1-1ac2-4901-ae5c-13956cda326e,ambience,low
60e529e1-1ac2-4901-ae5c-13956cda326e,wifi_speed,high
3c97a511-6395-4235-a7c5-0c5929fdab67,cleanliness,high
3c97a511-6395-4235-a7c5-0c5929fdab67,comfort,high
3c97a511-6395-4235-a7c5-0c5929fdab67,ambience,low
3c97a511-6395-4235-a7c5-0c5929fdab67,service,medium
7261325f-a962-457a-a894-139a6b60ad2e,service,low
7261325f-a962-457a-a894-139a6b60ad2e,wifi_speed,medium
7261325f-a962-457a-a894-139a6b60ad2e,comfort,high
7261325f-a962-457a-a894-139a6b60ad2e,ambience,medium
70968d42-bacf-493f-9b9a-fba2f7690d35,cleanliness,high
70968d42-bacf-493f-9b9a-fba2f7690d35,ambience,low
70968d42-bacf-493f-9b9a-fba2f7690d35,wifi_speed,medium
70968d42-bacf-493f-9b9a-fba2f7690d35,service,medium
1f7b34fb-484b-4c53-8a2a-915f25d769d8,comfort,medium
1f7b34fb-484b-4c53-8a2a-915f25d769d8,service,high
78097818-201d-438b-9391-65136d5cde88,ambience,medium
78097818-201d-438b-9391-65136d5cde88,cleanliness,low
78097818-201d-438b-9391-65136d5cde88,wifi_speed,medium
dcfe0c0c-eb0c-4ae5-8612-7a749dcefb1b,wifi_speed,low
dcfe0c0c-eb0c-4ae5-8612-7a749dcefb1b,cleanliness,medium
dcfe0c0c-eb0c-4ae5-8612-7a749dcefb1b,ambience,high
1bdff16c-9bfd-42a8-9f36-65c62cadedfc,wifi_speed,high
1bdff16c-9bfd-42a8-9f36-65c62cadedfc,cleanliness,medium
1bdff16c-9bfd-42a8-9f36-65c62cadedfc,ambience,medium
5b4ebc48-7465-4f61-81d5-8a7103428e6d,wifi_speed,low
5b4ebc48-7465-4f61-81d5-8a7103428e6d,service,high
5b4ebc48-7465-4f61-81d5-8a7103428e6d,comfort,low
7fa075b4-bcf9-4304-a7b5-4e2afa1db223,cleanliness,low
7fa075b4-bcf9-4304-a7b5-4e2afa1db223,comfort,medium
7fa075b4-bcf9-4304-a7b5-4e2afa1db223,service,high
37680c7c-f269-4f39-ad93-300628ae6241,service,medium
37680c7c-f269-4f39-ad93-300628ae6241,wifi_speed,high
37680c7c-f269-4f39-ad93-300628ae6241,comfort,medium
4258a98c-83b0-4f93-9670-f3c662fbf1b1,service,high
4258a98c-83b0-4f93-9670-f3c662fbf1b1,cleanliness,low
4258a98c-83b0-4f93-9670-f3c662fbf1b1,ambience,medium
154dc852-d2d0-4062-a11d-7e0584837f02,ambience,high
154dc852-d2d0-4062-a11d-7e0584837f02,cleanliness,low
154dc852-d2d0-4062-a11d-7e0584837f02,wifi_speed,medium
154dc852-d2d0-4062-a11d-7e0584837f02,service,medium
154dc852-d2d0-4062-a11d-7e0584837f02,comfort,medium
f11bedfc-aa45-4c60-9f10-634b948fc7ee,wifi_speed,low
f11bedfc-aa45-4c60-9f10-634b948fc7ee,service,medium
f11bedfc-aa45-4c60-9f10-634b948fc7ee,cleanliness,medium
f11bedfc-aa45-4c60-9f10-634b948fc7ee,ambience,high
f11bedfc-aa45-4c60-9f10-634b948fc7ee,comfort,high
24df0975-ac2f-44e7-8fe6-5ee52fd1dbe6,service,medium
24df0975-ac2f-44e7-8fe6-5ee52fd1dbe6,comfort,low
24df0975-ac2f-44e7-8fe6-5ee52fd1dbe6,ambience,high
24df0975-ac2f-44e7-8fe6-5ee52fd1dbe6,wifi_speed,high
76c350ed-1b83-477b-b5af-c7055e9cbeb9,wifi_speed,low
76c350ed-1b83-477b-b5af-c7055e9cbeb9,cleanliness,high
3787d3d7-adac-49a2-b3bc-93f53d320595,wifi_speed,low
3787d3d7-adac-49a2-b3bc-93f53d320595,comfort,high
3787d3d7-adac-49a2-b3bc-93f53d320595,service,high
4a22c5e1-410b-4c1c-8343-17776da0cf36,cleanliness,medium
4a22c5e1-410b-4c1c-8343-17776da0cf36,ambience,low
4a22c5e1-410b-4c1c-8343-17776da0cf36,comfort,medium
4a22c5e1-410b-4c1c-8343-17776da0cf36,wifi_speed,medium
d9bda402-8cd5-4ee1-b2f1-c186f14c44a5,wifi_speed,medium
d9bda402-8cd5-4ee1-b2f1-c186f14c44a5,ambience,medium
d9bda402-8cd5-4ee1-b2f1-c186f14c44a5,comfort,low
d9bda402-8cd5-4ee1-b2f1-c186f14c44a5,cleanliness,medium
d9bda402-8cd5-4ee1-b2f1-c186f14c44a5,service,medium
5308487a-215a-4bb9-9ecd-13b48a4fbce9,cleanliness,medium
5308487a-215a-4bb9-9ecd-13b48a4fbce9,comfort,high
817e0cb2-5fa2-4376-b130-b0cb8ddbd67f,wifi_speed,low
817e0cb2-5fa2-4376-b130-b0cb8ddbd67f,comfort,high
817e0cb2-5fa2-4376-b130-b0cb8ddbd67f,service,high
817e0cb2-5fa2-4376-b130-b0cb8ddbd67f,cleanliness,high
008ab4a5-3ea9-4dec-b2f5-892beb522ebe,comfort,high
008ab4a5-3ea9-4dec-b2f5-892beb522ebe,ambience,medium
008ab4a5-3ea9-4dec-b2f5-892beb522ebe,wifi_speed,low
008ab4a5-3ea9-4dec-b2f5-892beb522ebe,service,medium
008ab4a5-3ea9-4dec-b2f5-892beb522ebe,cleanliness,low
938c6904-49c6-475d-b408-f1f62e16234e,service,high
938c6904-49c6-475d-b408-f1f62e16234e,cleanliness,low
938c6904-49c6-475d-b408-f1f62e16234e,comfort,medium
1e3fe02d-05a7-46fd-8472-4a2d9a6adb7f,ambience,low
1e3fe02d-05a7-46fd-8472-4a2d9a6adb7f,cleanliness,high
774ca5fb-a315-40f7-8468-ade1d7d3b875,wifi_speed,low
774ca5fb-a315-40f7-8468-ade1d7d3b875,ambience,medium
bfc02264-163c-4188-8270-6ef6d92a67f3,wifi_speed,low
bfc02264-163c-4188-8270-6ef6d92a67f3,comfort,medium
bfc02264-163c-4188-8270-6ef6d92a67f3,cleanliness,medium
bfc02264-163c-4188-8270-6ef6d92a67f3,ambience,low
b27ba3a3-ac26-4f33-bfa5-95b79ceb9c23,service,medium
b27ba3a3-ac26-4f33-bfa5-95b79ceb9c23,cleanliness,medium
b27ba3a3-ac26-4f33-bfa5-95b79ceb9c23,comfort,low
63ac910a-da60-40ed-b653-baf34e4c6f55,service,low
63ac910a-da60-40ed-b653-baf34e4c6f55,ambience,high
dddce3d3-3fba-4749-86ee-a9571af11255,cleanliness,low
dddce3d3-3fba-4749-86ee-a9571af11255,wifi_speed,high
dddce3d3-3fba-4749-86ee-a9571af11255,ambience,medium
dddce3d3-3fba-4749-86ee-a9571af11255,service,medium
5344ac1c-0ecf-44c4-a563-c93b6408f992,ambience,medium
5344ac1c-0ecf-44c4-a563-c93b6408f992,wifi_speed,high
5344ac1c-0ecf-44c4-a563-c93b6408f992,service,low
5344ac1c-0ecf-44c4-a563-c93b6408f992,comfort,low
5344ac1c-0ecf-44c4-a563-c93b6408f992,cleanliness,high
193debb7-d1f3-4b2e-b701-bf349ba144bc,wifi_speed,medium
193debb7-d1f3-4b2e-b701-bf349ba144bc,comfort,low
caa185a7-e136-4397-b022-e861171be3e1,ambience,low
caa185a7-e136-4397-b022-e861171be3e1,service,low
caa185a7-e136-4397-b022-e861171be3e1,wifi_speed,low
caa185a7-e136-4397-b022-e861171be3e1,cleanliness,high
4925b044-e496-4d95-86bf-cbcde51dcd4a,comfort,high
4925b044-e496-4d95-86bf-cbcde51dcd4a,ambience,low
4925b044-e496-4d95-86bf-cbcde51dcd4a,wifi_speed,low
a55fc684-0f3e-4a81-ba73-a56ca8506eb3,ambience,high
a55fc684-0f3e-4a81-ba73-a56ca8506eb3,service,medium
a55fc684-0f3e-4a81-ba73-a56ca8506eb3,cleanliness,medium
a55fc684-0f3e-4a81-ba73-a56ca8506eb3,wifi_speed,high
a55fc684-0f3e-4a81-ba73-a56ca8506eb3,comfort,high
cd4e5d22-f495-4668-b3fd-a301ade93a55,ambience,low
cd4e5d22-f495-4668-b3fd-a301ade93a55,wifi_speed,low
cd4e5d22-f495-4668-b3fd-a301ade93a55,service,low
cd4e5d22-f495-4668-b3fd-a301ade93a55,cleanliness,medium
da68883d-c092-4487-a695-bec456108945,cleanliness,low
da68883d-c092-4487-a695-bec456108945,comfort,high
da68883d-c092-4487-a695-bec456108945,service,medium
da68883d-c092-4487-a695-bec456108945,ambience,low
cec5f284-03f2-4fc6-8be6-a9a047b8b4b8,service,high
cec5f284-03f2-4fc6-8be6-a9a047b8b4b8,cleanliness,high
cec5f284-03f2-4fc6-8be6-a9a047b8b4b8,ambience,high
02c48dd1-36b1-4395-8592-777391b68b55,ambience,low
02c48dd1-36b1-4395-8592-777391b68b55,service,low
02c48dd1-36b1-4395-8592-777391b68b55,comfort,medium
6a0f0441-8085-4f2e-9505-a367ef3d255e,comfort,low
6a0f0441-8085-4f2e-9505-a367ef3d255e,cleanliness,medium
5382ee76-1fc6-4537-872d-518de825aaa2,cleanliness,low
5382ee76-1fc6-4537-872d-518de825aaa2,comfort,high
5382ee76-1fc6-4537-872d-518de825aaa2,wifi_speed,medium
5382ee76-1fc6-4537-872d-518de825aaa2,ambience,medium
5382ee76-1fc6-4537-872d-518de825aaa2,service,medium
0369c7d9-497c-4aca-aae1-b8d121548185,wifi_speed,medium
0369c7d9-497c-4aca-aae1-b8d121548185,service,low
0369c7d9-497c-4aca-aae1-b8d121548185,comfort,high
0369c7d9-497c-4aca-aae1-b8d121548185,cleanliness,medium
0369c7d9-497c-4aca-aae1-b8d121548185,ambience,medium
50570ba6-6035-4452-8a50-afe35393f783,service,low
50570ba6-6035-4452-8a50-afe35393f783,wifi_speed,medium
50570ba6-6035-4452-8a50-afe35393f783,cleanliness,medium
8b553bbe-b828-4856-b484-e4fd0b7c10b3,service,low
8b553bbe-b828-4856-b484-e4fd0b7c10b3,comfort,medium
8b553bbe-b828-4856-b484-e4fd0b7c10b3,cleanliness,low
91db9ddc-5065-4b69-bbf8-819ee1baafe4,wifi_speed,low
91db9ddc-5065-4b69-bbf8-819ee1baafe4,cleanliness,low
cc5dc238-a67e-4f69-b012-5d534c3eedd7,cleanliness,high
cc5dc238-a67e-4f69-b012-5d534c3eedd7,wifi_speed,low
cc5dc238-a67e-4f69-b012-5d534c3eedd7,comfort,high
cc5dc238-a67e-4f69-b012-5d534c3eedd7,service,medium
cc5dc238-a67e-4f69-b012-5d534c3eedd7,ambience,low
919fb904-7582-4dcb-b11f-bd80448fc9ab,ambience,low
919fb904-7582-4dcb-b11f-bd80448fc9ab,comfort,high
919fb904-7582-4dcb-b11f-bd80448fc9ab,wifi_speed,high
919fb904-7582-4dcb-b11f-bd80448fc9ab,service,high
f9dd5e2a-3df4-4256-8d63-28295685df86,ambience,high
f9dd5e2a-3df4-4256-8d63-28295685df86,service,high
40f58814-f133-4c4f-b200-755dfe4de0ab,ambience,low
40f58814-f133-4c4f-b200-755dfe4de0ab,cleanliness,medium
a8d82657-37c5-415e-96cf-3e371b21a3c6,ambience,medium
a8d82657-37c5-415e-96cf-3e371b21a3c6,comfort,high
a8d82657-37c5-415e-96cf-3e371b21a3c6,service,high
c2f149e3-bbc2-44c3-b4dc-5ab98af1b54f,comfort,high
c2f149e3-bbc2-44c3-b4dc-5ab98af1b54f,cleanliness,high
c2f149e3-bbc2-44c3-b4dc-5ab98af1b54f,ambience,high
c2f149e3-bbc2-44c3-b4dc-5ab98af1b54f,service,medium
c034d911-b096-4eee-a322-e05ec461bce6,comfort,medium
c034d911-b096-4eee-a322-e05ec461bce6,ambience,high
c034d911-b096-4eee-a322-e05ec461bce6,wifi_speed,medium
b6e84ae7-3c7b-4d55-89cb-78e5d241593e,service,high
b6e84ae7-3c7b-4d55-89cb-78e5d241593e,ambience,medium
b6e84ae7-3c7b-4d55-89cb-78e5d241593e,comfort,low
6e114ce5-2dad-4dc5-9e5f-24b08dc82559,cleanliness,low
6e114ce5-2dad-4dc5-9e5f-24b08dc82559,ambience,low
6e114ce5-2dad-4dc5-9e5f-24b08dc82559,wifi_speed,high
6e114ce5-2dad-4dc5-9e5f-24b08dc82559,comfort,medium
1c469014-0945-44d7-892c-8e8d4b1188b3,service,medium
1c469014-0945-44d7-892c-8e8d4b1188b3,comfort,high
1c469014-0945-44d7-892c-8e8d4b1188b3,ambience,low
90fff0b9-205d-47d2-be15-3a247818982b,service,low
90fff0b9-205d-47d2-be15-3a247818982b,ambience,low
90fff0b9-205d-47d2-be15-3a247818982b,cleanliness,low
90fff0b9-205d-47d2-be15-3a247818982b,comfort,high
90fff0b9-205d-47d2-be15-3a247818982b,wifi_speed,medium
fa9406a6-c99f-4381-886f-f96bda3eb4be,cleanliness,medium
fa9406a6-c99f-4381-886f-f96bda3eb4be,ambience,medium
2702e198-1d2c-4900-ace6-f3300ffd8bdd,ambience,medium
2702e198-1d2c-4900-ace6-f3300ffd8bdd,comfort,medium
2702e198-1d2c-4900-ace6-f3300ffd8bdd,cleanliness,low
2702e198-1d2c-4900-ace6-f3300ffd8bdd,wifi_speed,low
d28f44da-6535-4449-83f9-f6926b595101,wifi_speed,high
d28f44da-6535-4449-83f9-f6926b595101,service,high
d28f44da-6535-4449-83f9-f6926b595101,cleanliness,high
20adc183-3f53-42de-bafb-cf675c5a9cdd,cleanliness,high
20adc183-3f53-42de-bafb-cf675c5a9cdd,ambience,low
20adc183-3f53-42de-bafb-cf675c5a9cdd,service,low
20adc183-3f53-42de-bafb-cf675c5a9cdd,comfort,low
20adc183-3f53-42de-bafb-cf675c5a9cdd,wifi_speed,medium
3a4ff45d-2be2-4dce-8cad-f7093ee79390,service,high
3a4ff45d-2be2-4dce-8cad-f7093ee79390,comfort,high
3a4ff45d-2be2-4dce-8cad-f7093ee79390,cleanliness,medium
3a4ff45d-2be2-4dce-8cad-f7093ee79390,ambience,low
7a26baa3-3613-418c-835b-70c2fca62c82,ambience,low
7a26baa3-3613-418c-835b-70c2fca62c82,service,low
7a26baa3-3613-418c-835b-70c2fca62c82,comfort,low
7a26baa3-3613-418c-835b-70c2fca62c82,wifi_speed,low
7a26baa3-3613-418c-835b-70c2fca62c82,cleanliness,low
aa91f348-efb6-4f69-ba7d-2f019c911632,service,low
aa91f348-efb6-4f69-ba7d-2f019c911632,wifi_speed,medium
aa91f348-efb6-4f69-ba7d-2f019c911632,comfort,medium
0a78ce5d-b1a5-43ae-8775-23da57840f76,comfort,high
0a78ce5d-b1a5-43ae-8775-23da57840f76,ambience,medium
0a78ce5d-b1a5-43ae-8775-23da57840f76,cleanliness,medium
0a78ce5d-b1a5-43ae-8775-23da57840f76,service,low
970f7a93-80ca-4155-9041-79a855f5c1c9,cleanliness,low
970f7a93-80ca-4155-9041-79a855f5c1c9,comfort,high
94f664ee-9be5-4de9-99d9-f75662b4052f,comfort,low
94f664ee-9be5-4de9-99d9-f75662b4052f,service,high
457f1013-125f-4ec6-a917-9237f4e0162f,wifi_speed,low
457f1013-125f-4ec6-a917-9237f4e0162f,ambience,high
457f1013-125f-4ec6-a917-9237f4e0162f,comfort,medium
ad92c77d-8e79-46f3-a918-db08d3bd696e,comfort,low
ad92c77d-8e79-46f3-a918-db08d3bd696e,service,medium
ad92c77d-8e79-46f3-a918-db08d3bd696e,cleanliness,low
ad92c77d-8e79-46f3-a918-db08d3bd696e,wifi_speed,low
ad92c77d-8e79-46f3-a918-db08d3bd696e,ambience,medium
2e3cdf69-bb08-49c8-92a9-5f312b93a71b,cleanliness,low
2e3cdf69-bb08-49c8-92a9-5f312b93a71b,service,high
2e3cdf69-bb08-49c8-92a9-5f312b93a71b,wifi_speed,low
2e3cdf69-bb08-49c8-92a9-5f312b93a71b,comfort,medium
fd3bac51-5375-48a6-9ae1-45076b8e4307,service,low
fd3bac51-5375-48a6-9ae1-45076b8e4307,cleanliness,medium
fd3bac51-5375-48a6-9ae1-45076b8e4307,wifi_speed,low
fd3bac51-5375-48a6-9ae1-45076b8e4307,comfort,low
a7007286-fd73-496e-b79d-3ac67e8eeca1,wifi_speed,medium
a7007286-fd73-496e-b79d-3ac67e8eeca1,ambience,low
a7007286-fd73-496e-b79d-3ac67e8eeca1,cleanliness,high
a7007286-fd73-496e-b79d-3ac67e8eeca1,service,low
0fc54661-4eb3-483c-b9b3-d98e35bb8bd7,ambience,low
0fc54661-4eb3-483c-b9b3-d98e35bb8bd7,wifi_speed,high
0fc54661-4eb3-483c-b9b3-d98e35bb8bd7,cleanliness,high
14ab28c8-36c0-48eb-81fe-8ec49fcb23a2,comfort,low
14ab28c8-36c0-48eb-81fe-8ec49fcb23a2,wifi_speed,high
bbd28240-f59c-425f-9b33-3271596a8cd5,wifi_speed,low
bbd28240-f59c-425f-9b33-3271596a8cd5,cleanliness,medium
bbd28240-f59c-425f-9b33-3271596a8cd5,comfort,medium
1acf950c-ff8b-4e06-883f-aaf0103edfdd,comfort,low
1acf950c-ff8b-4e06-883f-aaf0103edfdd,wifi_speed,high
dc790f7d-0a0b-46fd-a788-27642d6b7ac1,comfort,medium
dc790f7d-0a0b-46fd-a788-27642d6b7ac1,service,low
dc790f7d-0a0b-46fd-a788-27642d6b7ac1,ambience,low
dc790f7d-0a0b-46fd-a788-27642d6b7ac1,wifi_speed,high
c81338f6-11a1-4332-98b6-3260c6e140ce,ambience,low
c81338f6-11a1-4332-98b6-3260c6e140ce,cleanliness,high
c81338f6-11a1-4332-98b6-3260c6e140ce,service,medium
c81338f6-11a1-4332-98b6-3260c6e140ce,comfort,low
c81338f6-11a1-4332-98b6-3260c6e140ce,wifi_speed,low
11eeda8d-88a0-47d3-8726-35f41cef2863,service,low
11eeda8d-88a0-47d3-8726-35f41cef2863,ambience,high
11eeda8d-88a0-47d3-8726-35f41cef2863,cleanliness,high
9de23743-1e00-40d3-bda1-f8895d61be3f,cleanliness,low
9de23743-1e00-40d3-bda1-f8895d61be3f,service,low
75f365bf-a4a5-4a5a-89c1-06366e7c6cc2,wifi_speed,low
75f365bf-a4a5-4a5a-89c1-06366e7c6cc2,cleanliness,medium
75f365bf-a4a5-4a5a-89c1-06366e7c6cc2,ambience,medium
75f365bf-a4a5-4a5a-89c1-06366e7c6cc2,service,high
75f365bf-a4a5-4a5a-89c1-06366e7c6cc2,comfort,high
6f34c120-8639-4905-96b9-e78ed76d6f70,cleanliness,medium
6f34c120-8639-4905-96b9-e78ed76d6f70,wifi_speed,high
6f34c120-8639-4905-96b9-e78ed76d6f70,service,high
6f34c120-8639-4905-96b9-e78ed76d6f70,ambience,medium
6f34c120-8639-4905-96b9-e78ed76d6f70,comfort,low
3a557c76-0d9d-4eac-8838-5932d258d5d5,service,medium
3a557c76-0d9d-4eac-8838-5932d258d5d5,ambience,low
3a557c76-0d9d-4eac-8838-5932d258d5d5,wifi_speed,low
3a557c76-0d9d-4eac-8838-5932d258d5d5,comfort,medium
5948e1ee-7c0d-48e0-a461-d570fe10c9af,comfort,high
5948e1ee-7c0d-48e0-a461-d570fe10c9af,service,high
5948e1ee-7c0d-48e0-a461-d570fe10c9af,cleanliness,high
5948e1ee-7c0d-48e0-a461-d570fe10c9af,ambience,medium
590f01c2-9e00-44c9-a139-494f922cca8a,service,low
590f01c2-9e00-44c9-a139-494f922cca8a,ambience,high
590f01c2-9e00-44c9-a139-494f922cca8a,comfort,medium
590f01c2-9e00-44c9-a139-494f922cca8a,cleanliness,medium
590f01c2-9e00-44c9-a139-494f922cca8a,wifi_speed,low
85319557-4093-4662-930b-f160c0bd8c28,wifi_speed,medium
85319557-4093-4662-930b-f160c0bd8c28,ambience,low
85319557-4093-4662-930b-f160c0bd8c28,comfort,low
85319557-4093-4662-930b-f160c0bd8c28,cleanliness,medium
85319557-4093-4662-930b-f160c0bd8c28,service,low
cc3ff717-da3f-49d1-91a4-e5449833928d,comfort,low
cc3ff717-da3f-49d1-91a4-e5449833928d,cleanliness,medium
192890f2-8030-47f3-9bdd-fa8c847554df,comfort,high
192890f2-8030-47f3-9bdd-fa8c847554df,ambience,high
192890f2-8030-47f3-9bdd-fa8c847554df,cleanliness,high
192890f2-8030-47f3-9bdd-fa8c847554df,service,high
192890f2-8030-47f3-9bdd-fa8c847554df,wifi_speed,low
3c935e5a-0457-4edd-ba1d-6cae2781b52c,cleanliness,low
3c935e5a-0457-4edd-ba1d-6cae2781b52c,service,medium
3c935e5a-0457-4edd-ba1d-6cae2781b52c,comfort,medium
3c935e5a-0457-4edd-ba1d-6cae2781b52c,wifi_speed,high
25704d50-b086-4371-adce-aa223723d1dc,comfort,low
25704d50-b086-4371-adce-aa223723d1dc,cleanliness,high
25704d50-b086-4371-adce-aa223723d1dc,ambience,low
25704d50-b086-4371-adce-aa223723d1dc,service,high
25704d50-b086-4371-adce-aa223723d1dc,wifi_speed,medium
63a11e72-00b3-4654-a37b-67f917dd3610,wifi_speed,low
63a11e72-00b3-4654-a37b-67f917dd3610,comfort,medium
63a11e72-00b3-4654-a37b-67f917dd3610,service,medium
a568739e-5aa6-4e07-9cb9-742733495941,service,high
a568739e-5aa6-4e07-9cb9-742733495941,wifi_speed,high
f8c1cb23-9ae4-41de-b750-e2079c51c1d9,wifi_speed,high
f8c1cb23-9ae4-41de-b750-e2079c51c1d9,ambience,low
f8c1cb23-9ae4-41de-b750-e2079c51c1d9,comfort,medium
e1a30a4b-52fd-42fb-a871-3ab4b1e14d37,comfort,low
e1a30a4b-52fd-42fb-a871-3ab4b1e14d37,service,medium
e1a30a4b-52fd-42fb-a871-3ab4b1e14d37,ambience,low
e1a30a4b-52fd-42fb-a871-3ab4b1e14d37,cleanliness,medium
1a9ff93b-c570-497f-8904-57107c20bc35,comfort,low
1a9ff93b-c570-497f-8904-57107c20bc35,service,low
175b31c9-6ac7-41a9-88cf-d6ae5675ab15,wifi_speed,low
175b31c9-6ac7-41a9-88cf-d6ae5675ab15,ambience,medium
175b31c9-6ac7-41a9-88cf-d6ae5675ab15,comfort,medium
6e12f79f-652a-41c7-a8fb-d55c046d5ee7,comfort,low
6e12f79f-652a-41c7-a8fb-d55c046d5ee7,wifi_speed,low
e6095cb0-17fc-4414-aa85-7b6ef82167c1,ambience,medium
e6095cb0-17fc-4414-aa85-7b6ef82167c1,comfort,high
e6095cb0-17fc-4414-aa85-7b6ef82167c1,service,medium
964f3922-6cc2-45f9-8184-b125441adac4,comfort,low
964f3922-6cc2-45f9-8184-b125441adac4,cleanliness,medium
964f3922-6cc2-45f9-8184-b125441adac4,service,high
bf6459f8-744d-4654-907b-66390f8075a4,cleanliness,medium
bf6459f8-744d-4654-907b-66390f8075a4,service,high
bf6459f8-744d-4654-907b-66390f8075a4,wifi_speed,medium
bf6459f8-744d-4654-907b-66390f8075a4,comfort,high
bf6459f8-744d-4654-907b-66390f8075a4,ambience,low
0473e0f0-1a60-45a8-b191-ec400a199a3c,comfort,high
0473e0f0-1a60-45a8-b191-ec400a199a3c,service,low
0473e0f0-1a60-45a8-b191-ec400a199a3c,cleanliness,high
8f52f6ff-664b-40b5-95db-f40846211cbb,ambience,medium
8f52f6ff-664b-40b5-95db-f40846211cbb,comfort,medium
8f52f6ff-664b-40b5-95db-f40846211cbb,cleanliness,medium
8f52f6ff-664b-40b5-95db-f40846211cbb,wifi_speed,medium
736bae85-3b15-4b5e-b865-2f8e3f8c9d22,ambience,low
736bae85-3b15-4b5e-b865-2f8e3f8c9d22,comfort,high
6a1aca6e-4c08-48ae-ae12-02e24b707492,ambience,medium
6a1aca6e-4c08-48ae-ae12-02e24b707492,comfort,high
be2a3ca6-2e25-4d53-a94e-fdc35d6fddbc,ambience,high
be2a3ca6-2e25-4d53-a94e-fdc35d6fddbc,wifi_speed,medium
be2a3ca6-2e25-4d53-a94e-fdc35d6fddbc,cleanliness,high
be2a3ca6-2e25-4d53-a94e-fdc35d6fddbc,service,low
4150614d-d375-44cf-b036-6526ff7c0d95,cleanliness,high
4150614d-d375-44cf-b036-6526ff7c0d95,ambience,high
ac989a68-948c-45ca-bb26-e23de3c39662,comfort,low
ac989a68-948c-45ca-bb26-e23de3c39662,ambience,medium
22e80ffa-9dfa-4d7c-96d8-4d5ba169f99e,ambience,medium
22e80ffa-9dfa-4d7c-96d8-4d5ba169f99e,service,medium
22e80ffa-9dfa-4d7c-96d8-4d5ba169f99e,comfort,high
22e80ffa-9dfa-4d7c-96d8-4d5ba169f99e,wifi_speed,low
22e80ffa-9dfa-4d7c-96d8-4d5ba169f99e,cleanliness,high
8a8370bf-75e5-41c4-8337-cb2b56a3fa69,wifi_speed,low
8a8370bf-75e5-41c4-8337-cb2b56a3fa69,service,medium
8a8370bf-75e5-41c4-8337-cb2b56a3fa69,ambience,low
8a8370bf-75e5-41c4-8337-cb2b56a3fa69,cleanliness,low
284e3bfd-cd0c-47e1-a8d7-c3f202b5833c,comfort,medium
284e3bfd-cd0c-47e1-a8d7-c3f202b5833c,ambience,medium
284e3bfd-cd0c-47e1-a8d7-c3f202b5833c,service,low
284e3bfd-cd0c-47e1-a8d7-c3f202b5833c,cleanliness,high
284e3bfd-cd0c-47e1-a8d7-c3f202b5833c,wifi_speed,high
b907b482-ca6b-419e-b5ac-a26b70a0ee54,ambience,low
b907b482-ca6b-419e-b5ac-a26b70a0ee54,service,medium
b907b482-ca6b-419e-b5ac-a26b70a0ee54,cleanliness,high
886e08d0-511c-4ad9-983c-128c0becfa7b,wifi_speed,high
886e08d0-511c-4ad9-983c-128c0becfa7b,comfort,low
886e08d0-511c-4ad9-983c-128c0becfa7b,ambience,medium
7be57189-c6e9-4140-84fe-35b55ad13522,service,low
7be57189-c6e9-4140-84fe-35b55ad13522,ambience,low
7be57189-c6e9-4140-84fe-35b55ad13522,cleanliness,medium
7be57189-c6e9-4140-84fe-35b55ad13522,wifi_speed,medium
682ad2e6-05f7-49ce-a605-557c65ad3675,service,low
682ad2e6-05f7-49ce-a605-557c65ad3675,cleanliness,medium
682ad2e6-05f7-49ce-a605-557c65ad3675,wifi_speed,high
682ad2e6-05f7-49ce-a605-557c65ad3675,ambience,low
682ad2e6-05f7-49ce-a605-557c65ad3675,comfort,low
529fe577-0b76-4c6e-b448-c3800d88167d,service,high
529fe577-0b76-4c6e-b448-c3800d88167d,ambience,high
529fe577-0b76-4c6e-b448-c3800d88167d,wifi_speed,high
529fe577-0b76-4c6e-b448-c3800d88167d,comfort,low
043beac3-7f07-4627-a45d-30df33cd63c6,service,high
043beac3-7f07-4627-a45d-30df33cd63c6,comfort,low
b544428f-f82e-4ccc-b044-93a85f943d52,wifi_speed,low
b544428f-f82e-4ccc-b044-93a85f943d52,service,low
b544428f-f82e-4ccc-b044-93a85f943d52,ambience,high
b544428f-f82e-4ccc-b044-93a85f943d52,comfort,low
b544428f-f82e-4ccc-b044-93a85f943d52,cleanliness,low
200b8f97-ba68-4580-943e-018447d10d98,service,high
200b8f97-ba68-4580-943e-018447d10d98,ambience,medium
03ed8208-0fb8-4c19-975f-4b82427308d8,service,medium
03ed8208-0fb8-4c19-975f-4b82427308d8,wifi_speed,high
03ed8208-0fb8-4c19-975f-4b82427308d8,cleanliness,low
706a4894-2c42-41fb-b66c-ed3e23f58441,ambience,medium
706a4894-2c42-41fb-b66c-ed3e23f58441,service,medium
706a4894-2c42-41fb-b66c-ed3e23f58441,wifi_speed,low
706a4894-2c42-41fb-b66c-ed3e23f58441,cleanliness,medium
706a4894-2c42-41fb-b66c-ed3e23f58441,comfort,low
ebb40e56-5eb8-4e4f-821e-f859e87f5148,wifi_speed,low
ebb40e56-5eb8-4e4f-821e-f859e87f5148,ambience,low
ebb40e56-5eb8-4e4f-821e-f859e87f5148,cleanliness,medium
ebb40e56-5eb8-4e4f-821e-f859e87f5148,service,high
ebb40e56-5eb8-4e4f-821e-f859e87f5148,comfort,low
37a11c3d-1791-4b36-9893-f03d11b88300,ambience,medium
37a11c3d-1791-4b36-9893-f03d11b88300,service,high
37a11c3d-1791-4b36-9893-f03d11b88300,wifi_speed,medium
085e8f1f-0e6c-44b3-89be-5755b7cc9a1a,service,medium
085e8f1f-0e6c-44b3-89be-5755b7cc9a1a,ambience,high
085e8f1f-0e6c-44b3-89be-5755b7cc9a1a,cleanliness,medium
085e8f1f-0e6c-44b3-89be-5755b7cc9a1a,comfort,low
085e8f1f-0e6c-44b3-89be-5755b7cc9a1a,wifi_speed,medium
649d9d86-c296-4d48-a501-d712a264042d,service,medium
649d9d86-c296-4d48-a501-d712a264042d,ambience,medium
649d9d86-c296-4d48-a501-d712a264042d,cleanliness,high
649d9d86-c296-4d48-a501-d712a264042d,wifi_speed,low
649d9d86-c296-4d48-a501-d712a264042d,comfort,medium
5a829c08-514a-4696-ae94-7ec393ce6098,comfort,low
5a829c08-514a-4696-ae94-7ec393ce6098,ambience,medium
5a829c08-514a-4696-ae94-7ec393ce6098,cleanliness,low
f00ad2e8-7297-443a-9319-3c0e13bcdca5,cleanliness,high
f00ad2e8-7297-443a-9319-3c0e13bcdca5,ambience,low
f00ad2e8-7297-443a-9319-3c0e13bcdca5,service,high
f00ad2e8-7297-443a-9319-3c0e13bcdca5,wifi_speed,low
f00ad2e8-7297-443a-9319-3c0e13bcdca5,comfort,low
5a89f815-9b0c-4b7c-9654-0ad0814e2ea5,wifi_speed,medium
5a89f815-9b0c-4b7c-9654-0ad0814e2ea5,service,low
5a89f815-9b0c-4b7c-9654-0ad0814e2ea5,cleanliness,medium
5a89f815-9b0c-4b7c-9654-0ad0814e2ea5,comfort,medium
5a89f815-9b0c-4b7c-9654-0ad0814e2ea5,ambience,high
5dfb17a8-9542-4790-9e69-b34f81f073e4,cleanliness,low
5dfb17a8-9542-4790-9e69-b34f81f073e4,ambience,medium
5dfb17a8-9542-4790-9e69-b34f81f073e4,service,medium
5dfb17a8-9542-4790-9e69-b34f81f073e4,comfort,medium
5dfb17a8-9542-4790-9e69-b34f81f073e4,wifi_speed,high
dea4b99a-4359-476b-9e7e-12bee39697dd,comfort,low
dea4b99a-4359-476b-9e7e-12bee39697dd,cleanliness,high
389c8d2f-3ca1-4c64-8123-de1b579cd182,comfort,high
389c8d2f-3ca1-4c64-8123-de1b579cd182,service,low
389c8d2f-3ca1-4c64-8123-de1b579cd182,cleanliness,low
389c8d2f-3ca1-4c64-8123-de1b579cd182,ambience,high
389c8d2f-3ca1-4c64-8123-de1b579cd182,wifi_speed,high
5f9127a5-5e8a-41fb-b926-69678d971406,ambience,medium
5f9127a5-5e8a-41fb-b926-69678d971406,comfort,low
5f9127a5-5e8a-41fb-b926-69678d971406,cleanliness,medium
5f9127a5-5e8a-41fb-b926-69678d971406,service,low
4644faea-fc28-456a-a48c-1350f613c354,wifi_speed,low
4644faea-fc28-456a-a48c-1350f613c354,service,medium
ccc22ca9-1eac-4564-8ddc-b4fad4a0d0c3,service,low
ccc22ca9-1eac-4564-8ddc-b4fad4a0d0c3,wifi_speed,high
f1f5dd07-7c85-456a-a978-ba2f9c95497a,cleanliness,high
f1f5dd07-7c85-456a-a978-ba2f9c95497a,service,low
f1f5dd07-7c85-456a-a978-ba2f9c95497a,ambience,high
f1f5dd07-7c85-456a-a978-ba2f9c95497a,wifi_speed,high
7871dd10-83cd-4934-a49f-f7bd72e6eec6,ambience,high
7871dd10-83cd-4934-a49f-f7bd72e6eec6,comfort,medium
7871dd10-83cd-4934-a49f-f7bd72e6eec6,cleanliness,high
e0480381-5e46-4b69-8194-2de725a81210,wifi_speed,medium
e0480381-5e46-4b69-8194-2de725a81210,comfort,medium
e0480381-5e46-4b69-8194-2de725a81210,ambience,low
e0480381-5e46-4b69-8194-2de725a81210,cleanliness,low
9fd585d9-4c2c-4e0c-a4ae-41dc75d8f485,wifi_speed,high
9fd585d9-4c2c-4e0c-a4ae-41dc75d8f485,cleanliness,low
9fd585d9-4c2c-4e0c-a4ae-41dc75d8f485,comfort,high
1bc362ae-15b8-441d-a1fe-bd8b56994437,ambience,low
1bc362ae-15b8-441d-a1fe-bd8b56994437,comfort,medium
e0e879e3-2618-4dab-a3cb-2711e3ed2ff4,service,medium
e0e879e3-2618-4dab-a3cb-2711e3ed2ff4,wifi_speed,low
c73f585c-7fcc-4c4f-b934-89faf7e5b032,service,high
c73f585c-7fcc-4c4f-b934-89faf7e5b032,comfort,medium
c73f585c-7fcc-4c4f-b934-89faf7e5b032,cleanliness,high
52fd80eb-0e61-4480-a7aa-328b52b73e20,comfort,low
52fd80eb-0e61-4480-a7aa-328b52b73e20,cleanliness,low
52fd80eb-0e61-4480-a7aa-328b52b73e20,wifi_speed,medium
52fd80eb-0e61-4480-a7aa-328b52b73e20,service,high
6e401d97-4370-4a2d-b8b8-85c3b81be156,ambience,medium
6e401d97-4370-4a2d-b8b8-85c3b81be156,cleanliness,medium
6e401d97-4370-4a2d-b8b8-85c3b81be156,comfort,low
6e401d97-4370-4a2d-b8b8-85c3b81be156,service,high
f8b46bfe-da80-46a5-97c3-3db44d8b2f96,wifi_speed,medium
f8b46bfe-da80-46a5-97c3-3db44d8b2f96,service,medium
f8b46bfe-da80-46a5-97c3-3db44d8b2f96,comfort,low
f8b46bfe-da80-46a5-97c3-3db44d8b2f96,ambience,medium
f8b46bfe-da80-46a5-97c3-3db44d8b2f96,cleanliness,low
2487eba5-45b2-4f0e-9250-4f9a1df10e26,ambience,medium
2487eba5-45b2-4f0e-9250-4f9a1df10e26,service,low
2487eba5-45b2-4f0e-9250-4f9a1df10e26,cleanliness,high
2487eba5-45b2-4f0e-9250-4f9a1df10e26,comfort,high
f69f38b6-fe5d-4ed3-b866-245977316c96,comfort,medium
f69f38b6-fe5d-4ed3-b866-245977316c96,ambience,medium
f69f38b6-fe5d-4ed3-b866-245977316c96,service,high
f69f38b6-fe5d-4ed3-b866-245977316c96,wifi_speed,high
f69f38b6-fe5d-4ed3-b866-245977316c96,cleanliness,low
fbf917aa-c33f-4bac-93cc-06635dea7f41,cleanliness,high
fbf917aa-c33f-4bac-93cc-06635dea7f41,comfort,medium
fbf917aa-c33f-4bac-93cc-06635dea7f41,wifi_speed,medium
fbf917aa-c33f-4bac-93cc-06635dea7f41,service,low
86906431-2e05-48f4-b823-27233b608741,ambience,high
86906431-2e05-48f4-b823-27233b608741,wifi_speed,low
86906431-2e05-48f4-b823-27233b608741,service,high
204208c2-67ee-4b06-b049-71ad7e52694b,comfort,medium
204208c2-67ee-4b06-b049-71ad7e52694b,wifi_speed,medium
204208c2-67ee-4b06-b049-71ad7e52694b,cleanliness,medium
41057ca7-066c-46eb-812d-00fb53f0ad6e,wifi_speed,medium
41057ca7-066c-46eb-812d-00fb53f0ad6e,service,medium
41057ca7-066c-46eb-812d-00fb53f0ad6e,cleanliness,high
41057ca7-066c-46eb-812d-00fb53f0ad6e,ambience,low
e91018e9-fc2d-4cb2-9d93-676e7f634311,comfort,high
e91018e9-fc2d-4cb2-9d93-676e7f634311,ambience,medium
e91018e9-fc2d-4cb2-9d93-676e7f634311,service,medium
e91018e9-fc2d-4cb2-9d93-676e7f634311,wifi_speed,low
0ef8be39-c102-4601-b0e5-b1f9c188ca47,cleanliness,low
0ef8be39-c102-4601-b0e5-b1f9c188ca47,service,medium
0ef8be39-c102-4601-b0e5-b1f9c188ca47,wifi_speed,high
23375cdc-45b0-415e-9e3c-7f4d6550b839,cleanliness,low
23375cdc-45b0-415e-9e3c-7f4d6550b839,service,low
53ee51bc-5fdd-4524-8660-d4322b846241,wifi_speed,medium
53ee51bc-5fdd-4524-8660-d4322b846241,service,high
82e4a9f5-5e6f-4821-9fc7-a309187325d6,service,high
82e4a9f5-5e6f-4821-9fc7-a309187325d6,ambience,medium
82e4a9f5-5e6f-4821-9fc7-a309187325d6,cleanliness,high
82e4a9f5-5e6f-4821-9fc7-a309187325d6,wifi_speed,medium
40c2ea3a-210a-4402-aa99-5edca62750ea,ambience,low
40c2ea3a-210a-4402-aa99-5edca62750ea,service,medium
40c2ea3a-210a-4402-aa99-5edca62750ea,cleanliness,high
937cdb67-d698-445d-ad7b-ec58599c862d,wifi_speed,medium
937cdb67-d698-445d-ad7b-ec58599c862d,service,low
654e839d-e262-4934-9a5b-90ab9aaee8af,service,medium
654e839d-e262-4934-9a5b-90ab9aaee8af,cleanliness,medium
654e839d-e262-4934-9a5b-90ab9aaee8af,wifi_speed,high
0c94fa22-c818-40a3-97ac-43ec7109103f,cleanliness,high
0c94fa22-c818-40a3-97ac-43ec7109103f,comfort,medium
0c94fa22-c818-40a3-97ac-43ec7109103f,wifi_speed,high
b505b84c-dffc-400f-afc0-7e50a0145991,ambience,high
b505b84c-dffc-400f-afc0-7e50a0145991,comfort,low
b505b84c-dffc-400f-afc0-7e50a0145991,wifi_speed,medium
b505b84c-dffc-400f-afc0-7e50a0145991,service,low
6e0b1178-d6ce-4c65-87c4-cdb668226a0e,comfort,high
6e0b1178-d6ce-4c65-87c4-cdb668226a0e,wifi_speed,low
6e0b1178-d6ce-4c65-87c4-cdb668226a0e,ambience,high
6e0b1178-d6ce-4c65-87c4-cdb668226a0e,service,medium
6e0b1178-d6ce-4c65-87c4-cdb668226a0e,cleanliness,high
65590bce-814d-413c-8005-a3aa887a223b,cleanliness,medium
65590bce-814d-413c-8005-a3aa887a223b,wifi_speed,medium
65590bce-814d-413c-8005-a3aa887a223b,service,medium
65590bce-814d-413c-8005-a3aa887a223b,ambience,medium
65590bce-814d-413c-8005-a3aa887a223b,comfort,medium
2d798659-5958-4ff8-b307-b556647ae8ea,wifi_speed,medium
2d798659-5958-4ff8-b307-b556647ae8ea,cleanliness,medium
ab339b73-1791-40a4-bff1-2654f7d67470,comfort,high
ab339b73-1791-40a4-bff1-2654f7d67470,service,high
ab339b73-1791-40a4-bff1-2654f7d67470,wifi_speed,high
ab339b73-1791-40a4-bff1-2654f7d67470,cleanliness,medium
ab339b73-1791-40a4-bff1-2654f7d67470,ambience,low
57037cd3-f9c5-42dc-b330-c1339d33a37b,comfort,high
57037cd3-f9c5-42dc-b330-c1339d33a37b,wifi_speed,high
57037cd3-f9c5-42dc-b330-c1339d33a37b,service,high
57037cd3-f9c5-42dc-b330-c1339d33a37b,cleanliness,high
57037cd3-f9c5-42dc-b330-c1339d33a37b,ambience,medium
05f9358e-088d-40cc-9974-e572516f3e92,service,medium
05f9358e-088d-40cc-9974-e572516f3e92,cleanliness,high
05f9358e-088d-40cc-9974-e572516f3e92,comfort,high
05f9358e-088d-40cc-9974-e572516f3e92,wifi_speed,medium
2cd78336-3054-4649-b748-66b4c720a480,service,high
2cd78336-3054-4649-b748-66b4c720a480,wifi_speed,medium
2cd78336-3054-4649-b748-66b4c720a480,ambience,medium
2cd78336-3054-4649-b748-66b4c720a480,comfort,high
2cd78336-3054-4649-b748-66b4c720a480,cleanliness,high
37f5d383-cd5f-457a-9829-a32b31b46ae5,ambience,medium
37f5d383-cd5f-457a-9829-a32b31b46ae5,wifi_speed,high
37f5d383-cd5f-457a-9829-a32b31b46ae5,cleanliness,medium
37f5d383-cd5f-457a-9829-a32b31b46ae5,comfort,low
37f5d383-cd5f-457a-9829-a32b31b46ae5,service,medium
8e321603-ee77-49ab-af09-6d97f8114739,comfort,medium
8e321603-ee77-49ab-af09-6d97f8114739,wifi_speed,low
6dac610f-4717-4d9e-82af-774423e489a1,comfort,low
6dac610f-4717-4d9e-82af-774423e489a1,ambience,medium
6dac610f-4717-4d9e-82af-774423e489a1,wifi_speed,medium
17530614-84f6-4cb1-af7e-f26ee517aa07,comfort,low
17530614-84f6-4cb1-af7e-f26ee517aa07,wifi_speed,low
17530614-84f6-4cb1-af7e-f26ee517aa07,ambience,low
17530614-84f6-4cb1-af7e-f26ee517aa07,cleanliness,low
69b3820d-ba22-4378-86e9-ebdd0fcbc3db,wifi_speed,medium
69b3820d-ba22-4378-86e9-ebdd0fcbc3db,ambience,low
69b3820d-ba22-4378-86e9-ebdd0fcbc3db,comfort,medium
5924daeb-28c8-4564-b782-9d91547ce39a,service,medium
5924daeb-28c8-4564-b782-9d91547ce39a,ambience,high
b28a2caa-1608-495a-bf02-80dd9cd34f6c,service,low
b28a2caa-1608-495a-bf02-80dd9cd34f6c,ambience,medium
b28a2caa-1608-495a-bf02-80dd9cd34f6c,comfort,high
b28a2caa-1608-495a-bf02-80dd9cd34f6c,cleanliness,high
b28a2caa-1608-495a-bf02-80dd9cd34f6c,wifi_speed,low
e7564ed4-42d2-4b7a-a677-6e00d1b9a85f,service,high
e7564ed4-42d2-4b7a-a677-6e00d1b9a85f,wifi_speed,low
2cdc665a-d92b-4c5e-9c10-c48e68c0d02b,service,medium
2cdc665a-d92b-4c5e-9c10-c48e68c0d02b,wifi_speed,medium
2cdc665a-d92b-4c5e-9c10-c48e68c0d02b,comfort,medium
7866a105-0858-42a0-9d99-b086c4e06f24,cleanliness,medium
7866a105-0858-42a0-9d99-b086c4e06f24,comfort,medium
5f4219d7-7db9-4029-b50b-af0b6121dae8,wifi_speed,high
5f4219d7-7db9-4029-b50b-af0b6121dae8,service,low
49080a25-1408-4fa5-8178-e5da899fdfae,comfort,low
49080a25-1408-4fa5-8178-e5da899fdfae,wifi_speed,medium
bd22d150-e31d-4e72-8492-ee9e6b8a33a6,cleanliness,high
bd22d150-e31d-4e72-8492-ee9e6b8a33a6,ambience,high
bd22d150-e31d-4e72-8492-ee9e6b8a33a6,wifi_speed,high
908642c6-5362-4170-8b3e-78894b455c28,service,medium
908642c6-5362-4170-8b3e-78894b455c28,cleanliness,high
908642c6-5362-4170-8b3e-78894b455c28,wifi_speed,low
a19b0275-15e8-4919-ace6-b350f2b7a61d,comfort,low
a19b0275-15e8-4919-ace6-b350f2b7a61d,wifi_speed,low
a19b0275-15e8-4919-ace6-b350f2b7a61d,cleanliness,medium
a19b0275-15e8-4919-ace6-b350f2b7a61d,service,high
a19b0275-15e8-4919-ace6-b350f2b7a61d,ambience,high
d6792bb9-28b9-4be1-ad03-8449a00bd71f,comfort,high
d6792bb9-28b9-4be1-ad03-8449a00bd71f,wifi_speed,low
d6792bb9-28b9-4be1-ad03-8449a00bd71f,service,medium
d6792bb9-28b9-4be1-ad03-8449a00bd71f,ambience,high
29e5a219-8e1d-46f7-adef-3f6580d67253,ambience,low
29e5a219-8e1d-46f7-adef-3f6580d67253,cleanliness,medium
29e5a219-8e1d-46f7-adef-3f6580d67253,wifi_speed,medium
29e5a219-8e1d-46f7-adef-3f6580d67253,comfort,low
23af5860-3005-4b9d-a55f-911a90de6182,cleanliness,high
23af5860-3005-4b9d-a55f-911a90de6182,comfort,low
ad4dd136-7754-4158-b829-bff6bb1cfd59,comfort,low
ad4dd136-7754-4158-b829-bff6bb1cfd59,cleanliness,low
a32d803c-577d-44cc-917e-7e1699d6176e,wifi_speed,low
a32d803c-577d-44cc-917e-7e1699d6176e,ambience,low
06a0fc4a-3049-4355-b1aa-b201bade9a31,wifi_speed,medium
06a0fc4a-3049-4355-b1aa-b201bade9a31,ambience,medium
06a0fc4a-3049-4355-b1aa-b201bade9a31,cleanliness,medium
06a0fc4a-3049-4355-b1aa-b201bade9a31,comfort,low
c9bf3653-8853-4ca1-bcd4-e3b67234b5eb,wifi_speed,medium
c9bf3653-8853-4ca1-bcd4-e3b67234b5eb,comfort,medium
c9bf3653-8853-4ca1-bcd4-e3b67234b5eb,ambience,low
176d6392-f45c-45f5-be8e-64447ff17a76,ambience,high
176d6392-f45c-45f5-be8e-64447ff17a76,wifi_speed,low
176d6392-f45c-45f5-be8e-64447ff17a76,service,medium
176d6392-f45c-45f5-be8e-64447ff17a76,cleanliness,medium
7f5e809c-69be-4331-afcd-4c83a9f97198,cleanliness,high
7f5e809c-69be-4331-afcd-4c83a9f97198,ambience,medium
7f5e809c-69be-4331-afcd-4c83a9f97198,service,high
3137d39f-edcd-482c-b4e8-bd894a00ef7c,ambience,low
3137d39f-edcd-482c-b4e8-bd894a00ef7c,comfort,medium
3137d39f-edcd-482c-b4e8-bd894a00ef7c,wifi_speed,low
3137d39f-edcd-482c-b4e8-bd894a00ef7c,cleanliness,medium
3137d39f-edcd-482c-b4e8-bd894a00ef7c,service,high
150ba8df-79ba-4567-b7c3-89912b25f52f,cleanliness,medium
150ba8df-79ba-4567-b7c3-89912b25f52f,wifi_speed,medium
150ba8df-79ba-4567-b7c3-89912b25f52f,service,high
150ba8df-79ba-4567-b7c3-89912b25f52f,ambience,low
150ba8df-79ba-4567-b7c3-89912b25f52f,comfort,high
77ec0591-aa85-4d77-94c3-d2429c3bbf55,service,low
77ec0591-aa85-4d77-94c3-d2429c3bbf55,ambience,high
63c90b8e-24d5-43be-82f0-1d5c673ded0c,ambience,high
63c90b8e-24d5-43be-82f0-1d5c673ded0c,comfort,high
63c90b8e-24d5-43be-82f0-1d5c673ded0c,cleanliness,medium
63c90b8e-24d5-43be-82f0-1d5c673ded0c,service,medium
63c90b8e-24d5-43be-82f0-1d5c673ded0c,wifi_speed,high
f1d2746c-c92c-403e-ba5c-be40f7729416,wifi_speed,low
f1d2746c-c92c-403e-ba5c-be40f7729416,cleanliness,high
f1d2746c-c92c-403e-ba5c-be40f7729416,ambience,medium
f1d2746c-c92c-403e-ba5c-be40f7729416,service,low
f1d2746c-c92c-403e-ba5c-be40f7729416,comfort,medium
3afd7d3f-8ee9-496f-9d1e-3058d14c9d1b,service,medium
3afd7d3f-8ee9-496f-9d1e-3058d14c9d1b,ambience,medium
64673e53-8ea6-4c30-ad1b-77652619d94f,ambience,medium
64673e53-8ea6-4c30-ad1b-77652619d94f,service,low
64673e53-8ea6-4c30-ad1b-77652619d94f,wifi_speed,medium
64673e53-8ea6-4c30-ad1b-77652619d94f,cleanliness,high
64673e53-8ea6-4c30-ad1b-77652619d94f,comfort,low
690bc3a8-1505-4104-b3c7-488458077b05,comfort,high
690bc3a8-1505-4104-b3c7-488458077b05,cleanliness,high
690bc3a8-1505-4104-b3c7-488458077b05,wifi_speed,low
690bc3a8-1505-4104-b3c7-488458077b05,service,medium
690bc3a8-1505-4104-b3c7-488458077b05,ambience,high
184f393d-a3b9-4e9b-a7fe-79c24fd344b9,comfort,low
184f393d-a3b9-4e9b-a7fe-79c24fd344b9,wifi_speed,low
184f393d-a3b9-4e9b-a7fe-79c24fd344b9,service,high
184f393d-a3b9-4e9b-a7fe-79c24fd344b9,ambience,medium
acbe0f58-a704-447c-ae17-8000981a6e04,cleanliness,high
acbe0f58-a704-447c-ae17-8000981a6e04,comfort,medium
3b8e490e-7917-4046-becd-dc23cbdbed7b,cleanliness,low
3b8e490e-7917-4046-becd-dc23cbdbed7b,ambience,high
3b8e490e-7917-4046-becd-dc23cbdbed7b,wifi_speed,high
bd101235-5e55-46db-a57a-42a713e15c3b,comfort,medium
bd101235-5e55-46db-a57a-42a713e15c3b,cleanliness,high
bd101235-5e55-46db-a57a-42a713e15c3b,ambience,medium
bd101235-5e55-46db-a57a-42a713e15c3b,service,medium
bd101235-5e55-46db-a57a-42a713e15c3b,wifi_speed,high
31bc6a0c-52cc-4c0e-8f1d-a884bc59c7ac,wifi_speed,low
31bc6a0c-52cc-4c0e-8f1d-a884bc59c7ac,service,low
31bc6a0c-52cc-4c0e-8f1d-a884bc59c7ac,ambience,medium
bfbcd459-8f1f-4ae5-8068-acb5a4e603c2,comfort,high
bfbcd459-8f1f-4ae5-8068-acb5a4e603c2,service,low
bfbcd459-8f1f-4ae5-8068-acb5a4e603c2,ambience,medium
d1de96dd-5c04-46cf-a2a9-4003ffd7176d,wifi_speed,low
d1de96dd-5c04-46cf-a2a9-4003ffd7176d,comfort,medium
d1de96dd-5c04-46cf-a2a9-4003ffd7176d,cleanliness,low
d1de96dd-5c04-46cf-a2a9-4003ffd7176d,service,medium
d1de96dd-5c04-46cf-a2a9-4003ffd7176d,ambience,low
ef6dee57-5809-446d-ba16-cc9a720ba860,comfort,high
ef6dee57-5809-446d-ba16-cc9a720ba860,ambience,medium
49e81699-0c98-44d0-a88d-e86d0978ac93,wifi_speed,medium
49e81699-0c98-44d0-a88d-e86d0978ac93,comfort,high
49e81699-0c98-44d0-a88d-e86d0978ac93,service,high
7c237b1a-0369-418a-b7bb-de3a7df4f06c,ambience,medium
7c237b1a-0369-418a-b7bb-de3a7df4f06c,comfort,low
23fe2cd9-cb38-45eb-8274-d380a8875eb5,comfort,low
23fe2cd9-cb38-45eb-8274-d380a8875eb5,wifi_speed,high
ea2a760d-bca4-4feb-a5d6-826519268507,wifi_speed,high
ea2a760d-bca4-4feb-a5d6-826519268507,ambience,medium
ea2a760d-bca4-4feb-a5d6-826519268507,cleanliness,medium
ea2a760d-bca4-4feb-a5d6-826519268507,comfort,high
ea2a760d-bca4-4feb-a5d6-826519268507,service,medium
a48e7982-3715-443e-b984-fcb10b5406fa,ambience,medium
a48e7982-3715-443e-b984-fcb10b5406fa,cleanliness,low
a48e7982-3715-443e-b984-fcb10b5406fa,wifi_speed,high
a48e7982-3715-443e-b984-fcb10b5406fa,comfort,low
a48e7982-3715-443e-b984-fcb10b5406fa,service,low
5291e1d4-f5eb-467a-8fab-5039208a55fb,comfort,high
5291e1d4-f5eb-467a-8fab-5039208a55fb,cleanliness,medium
3da69174-9b4c-4fb4-a2e2-4d6004cc9772,service,medium
3da69174-9b4c-4fb4-a2e2-4d6004cc9772,cleanliness,high
bb68e078-1d71-45f6-b770-fb494d6622a5,comfort,high
bb68e078-1d71-45f6-b770-fb494d6622a5,cleanliness,low
bb68e078-1d71-45f6-b770-fb494d6622a5,ambience,high
e7e87f09-a4ca-4fea-ba8b-f3302e4663d1,wifi_speed,high
e7e87f09-a4ca-4fea-ba8b-f3302e4663d1,service,high
e7e87f09-a4ca-4fea-ba8b-f3302e4663d1,comfort,high
447a80aa-0596-40e1-9f76-357f572d3023,cleanliness,medium
447a80aa-0596-40e1-9f76-357f572d3023,comfort,medium
447a80aa-0596-40e1-9f76-357f572d3023,ambience,low
447a80aa-0596-40e1-9f76-357f572d3023,wifi_speed,low
7899a411-41e9-4ad1-b40a-73a5672c1e41,service,low
7899a411-41e9-4ad1-b40a-73a5672c1e41,wifi_speed,low
7899a411-41e9-4ad1-b40a-73a5672c1e41,ambience,medium
7899a411-41e9-4ad1-b40a-73a5672c1e41,comfort,low
8d6408f3-2e9e-49aa-bc83-47fb89bc326a,service,medium
8d6408f3-2e9e-49aa-bc83-47fb89bc326a,wifi_speed,medium
8d6408f3-2e9e-49aa-bc83-47fb89bc326a,ambience,low
8d6408f3-2e9e-49aa-bc83-47fb89bc326a,cleanliness,low
8d6408f3-2e9e-49aa-bc83-47fb89bc326a,comfort,medium
cb4fcb62-78cc-46dc-8232-c0cd7924f1ba,cleanliness,high
cb4fcb62-78cc-46dc-8232-c0cd7924f1ba,comfort,medium
cb4fcb62-78cc-46dc-8232-c0cd7924f1ba,service,high
cb4fcb62-78cc-46dc-8232-c0cd7924f1ba,wifi_speed,low
cb4fcb62-78cc-46dc-8232-c0cd7924f1ba,ambience,high
02af1681-675e-4a37-917a-531f2063a842,ambience,low
02af1681-675e-4a37-917a-531f2063a842,cleanliness,low
bc0a0cba-3564-4447-9890-0b05be156ea7,cleanliness,low
bc0a0cba-3564-4447-9890-0b05be156ea7,ambience,medium
bc0a0cba-3564-4447-9890-0b05be156ea7,service,low
bc0a0cba-3564-4447-9890-0b05be156ea7,wifi_speed,high
bc0a0cba-3564-4447-9890-0b05be156ea7,comfort,low
f9ba20f9-8e1d-430e-8173-759e1d9d461a,cleanliness,high
f9ba20f9-8e1d-430e-8173-759e1d9d461a,ambience,high
f9ba20f9-8e1d-430e-8173-759e1d9d461a,wifi_speed,high
f9ba20f9-8e1d-430e-8173-759e1d9d461a,comfort,low
cf88a065-4bf2-410d-8df4-abd15fb0225a,ambience,high
cf88a065-4bf2-410d-8df4-abd15fb0225a,cleanliness,high
cf88a065-4bf2-410d-8df4-abd15fb0225a,wifi_speed,medium
c3793744-28d7-4c2c-a068-da0c6677e093,comfort,low
c3793744-28d7-4c2c-a068-da0c6677e093,cleanliness,medium
c3793744-28d7-4c2c-a068-da0c6677e093,ambience,medium
c3793744-28d7-4c2c-a068-da0c6677e093,service,medium
c3793744-28d7-4c2c-a068-da0c6677e093,wifi_speed,high
7e2e3aca-439b-451a-81e8-482bd028be22,comfort,low
7e2e3aca-439b-451a-81e8-482bd028be22,ambience,medium
7e2e3aca-439b-451a-81e8-482bd028be22,cleanliness,high
7e2e3aca-439b-451a-81e8-482bd028be22,wifi_speed,low
8c6053ac-2bd5-4045-9790-10d22ef74381,cleanliness,high
8c6053ac-2bd5-4045-9790-10d22ef74381,ambience,medium
8c6053ac-2bd5-4045-9790-10d22ef74381,wifi_speed,low
8c6053ac-2bd5-4045-9790-10d22ef74381,comfort,medium
13310e89-f9ba-49db-9ce8-fc1dfe953d28,cleanliness,low
13310e89-f9ba-49db-9ce8-fc1dfe953d28,comfort,high
13310e89-f9ba-49db-9ce8-fc1dfe953d28,wifi_speed,high
b278ab24-53b7-41dc-9d88-d4b8ffb64a4b,cleanliness,medium
b278ab24-53b7-41dc-9d88-d4b8ffb64a4b,service,high
b278ab24-53b7-41dc-9d88-d4b8ffb64a4b,wifi_speed,medium
b278ab24-53b7-41dc-9d88-d4b8ffb64a4b,ambience,high
989d5260-f0c1-4402-8d41-4e07b1034b75,service,high
989d5260-f0c1-4402-8d41-4e07b1034b75,ambience,low
989d5260-f0c1-4402-8d41-4e07b1034b75,wifi_speed,high
bf02c1bf-3b47-4071-a104-6a28a3557eec,service,medium
bf02c1bf-3b47-4071-a104-6a28a3557eec,ambience,low
bf02c1bf-3b47-4071-a104-6a28a3557eec,wifi_speed,high
b6198430-2f14-4a30-9773-0fdc3187624e,wifi_speed,high
b6198430-2f14-4a30-9773-0fdc3187624e,comfort,medium
b6198430-2f14-4a30-9773-0fdc3187624e,service,low
0c9c106f-40b2-4542-9465-977998c266ef,cleanliness,low
0c9c106f-40b2-4542-9465-977998c266ef,wifi_speed,medium
fea2ea20-e1b9-423d-a04e-a389096b1eb1,comfort,high
fea2ea20-e1b9-423d-a04e-a389096b1eb1,cleanliness,low
fea2ea20-e1b9-423d-a04e-a389096b1eb1,wifi_speed,high
fea2ea20-e1b9-423d-a04e-a389096b1eb1,service,medium
fea2ea20-e1b9-423d-a04e-a389096b1eb1,ambience,low
8aae5838-06d1-4586-9c63-949f2ed8ee36,comfort,low
8aae5838-06d1-4586-9c63-949f2ed8ee36,cleanliness,high
7e7249ae-5756-449b-8393-8d4e96502c9c,service,low
7e7249ae-5756-449b-8393-8d4e96502c9c,cleanliness,high
7e7249ae-5756-449b-8393-8d4e96502c9c,wifi_speed,high
688b3141-3da0-40e8-88ff-0b45a746f91b,service,high
688b3141-3da0-40e8-88ff-0b45a746f91b,cleanliness,high
04ab7236-72be-44a9-8d8b-3e2e478178f1,cleanliness,high
04ab7236-72be-44a9-8d8b-3e2e478178f1,comfort,medium
e06dd16d-7cd9-42fa-9281-a8503977fb2d,wifi_speed,high
e06dd16d-7cd9-42fa-9281-a8503977fb2d,service,medium
e06dd16d-7cd9-42fa-9281-a8503977fb2d,ambience,medium
6a901a4e-677e-4b05-8df0-643dcaf085f3,ambience,high
6a901a4e-677e-4b05-8df0-643dcaf085f3,wifi_speed,high
6a901a4e-677e-4b05-8df0-643dcaf085f3,cleanliness,low
6a901a4e-677e-4b05-8df0-643dcaf085f3,comfort,medium
6a901a4e-677e-4b05-8df0-643dcaf085f3,service,low
f23360fb-11e5-486e-8555-5a1882964469,service,medium
f23360fb-11e5-486e-8555-5a1882964469,comfort,medium
f23360fb-11e5-486e-8555-5a1882964469,cleanliness,high
f23360fb-11e5-486e-8555-5a1882964469,ambience,low
f23360fb-11e5-486e-8555-5a1882964469,wifi_speed,high
906f3f0a-62d8-43b0-b836-c9da954afdd9,wifi_speed,high
906f3f0a-62d8-43b0-b836-c9da954afdd9,ambience,high
906f3f0a-62d8-43b0-b836-c9da954afdd9,comfort,high
d59077fd-de0e-40cd-b0f7-0419d20d6fcf,comfort,medium
d59077fd-de0e-40cd-b0f7-0419d20d6fcf,cleanliness,medium
d59077fd-de0e-40cd-b0f7-0419d20d6fcf,service,low
d59077fd-de0e-40cd-b0f7-0419d20d6fcf,ambience,medium
f42be5c6-1f6e-4453-9609-bfda3ce174b3,service,medium
f42be5c6-1f6e-4453-9609-bfda3ce174b3,cleanliness,low
f42be5c6-1f6e-4453-9609-bfda3ce174b3,ambience,medium
f42be5c6-1f6e-4453-9609-bfda3ce174b3,wifi_speed,low
f42be5c6-1f6e-4453-9609-bfda3ce174b3,comfort,high
8c8bdec7-994a-4ea9-9687-b6cd3d197603,ambience,medium
8c8bdec7-994a-4ea9-9687-b6cd3d197603,wifi_speed,high
351dcadd-527c-4f02-a8da-b288edbef482,ambience,low
351dcadd-527c-4f02-a8da-b288edbef482,service,medium
351dcadd-527c-4f02-a8da-b288edbef482,comfort,medium
a90ef4de-2144-49cb-a302-2be0d940cd33,cleanliness,medium
a90ef4de-2144-49cb-a302-2be0d940cd33,comfort,medium
a90ef4de-2144-49cb-a302-2be0d940cd33,service,low
a90ef4de-2144-49cb-a302-2be0d940cd33,ambience,low